Timestamp,Radiowa 20B CH kW
2021-11-01T00:00:00+01:00 Warsaw,9.759246522339563
2021-11-01T01:00:00+01:00 Warsaw,10.821415787064842
2021-11-01T02:00:00+01:00 Warsaw,11.762391001214846
2021-11-01T03:00:00+01:00 Warsaw,13.122376673099437
2021-11-01T04:00:00+01:00 Warsaw,13.96718349487693
2021-11-01T05:00:00+01:00 Warsaw,14.182116881233673
2021-11-01T06:00:00+01:00 Warsaw,14.898163810248727
2021-11-01T07:00:00+01:00 Warsaw,14.553540380009373
2021-11-01T08:00:00+01:00 Warsaw,10.167297387729457
2021-11-01T09:00:00+01:00 Warsaw,9.136948410704862
2021-11-01T10:00:00+01:00 Warsaw,7.103503924057807
2021-11-01T11:00:00+01:00 Warsaw,5.717226709817452
2021-11-01T12:00:00+01:00 Warsaw,4.311276046117147
2021-11-01T13:00:00+01:00 Warsaw,3.117208815519772
2021-11-01T14:00:00+01:00 Warsaw,3.5520404080991397
2021-11-01T15:00:00+01:00 Warsaw,4.0200335409346915
2021-11-01T16:00:00+01:00 Warsaw,5.832521060719902
2021-11-01T17:00:00+01:00 Warsaw,6.67116454404666
2021-11-01T18:00:00+01:00 Warsaw,7.517484352619561
2021-11-01T19:00:00+01:00 Warsaw,8.83336750246608
2021-11-01T20:00:00+01:00 Warsaw,9.821067508717693
2021-11-01T21:00:00+01:00 Warsaw,10.625444633321997
2021-11-01T22:00:00+01:00 Warsaw,11.663732895267701
2021-11-01T23:00:00+01:00 Warsaw,12.828833276395443
2021-11-02T00:00:00+01:00 Warsaw,13.945292586288753
2021-11-02T01:00:00+01:00 Warsaw,14.843833529057328
2021-11-02T02:00:00+01:00 Warsaw,15.525052625423386
2021-11-02T03:00:00+01:00 Warsaw,16.086864164665894
2021-11-02T04:00:00+01:00 Warsaw,16.682707253573433
2021-11-02T05:00:00+01:00 Warsaw,16.86778867255033
2021-11-02T06:00:00+01:00 Warsaw,17.327507608113468
2021-11-02T07:00:00+01:00 Warsaw,16.095090597400695
2021-11-02T08:00:00+01:00 Warsaw,13.773516738275687
2021-11-02T09:00:00+01:00 Warsaw,11.846667121512548
2021-11-02T10:00:00+01:00 Warsaw,9.41668000404797
2021-11-02T11:00:00+01:00 Warsaw,7.916297994767969
2021-11-02T12:00:00+01:00 Warsaw,7.474839206344236
2021-11-02T13:00:00+01:00 Warsaw,7.753122305472691
2021-11-02T14:00:00+01:00 Warsaw,8.40461045835636
2021-11-02T15:00:00+01:00 Warsaw,10.14365972121872
2021-11-02T16:00:00+01:00 Warsaw,10.826668581830129
2021-11-02T17:00:00+01:00 Warsaw,10.740507289550925
2021-11-02T18:00:00+01:00 Warsaw,11.22859405888893
2021-11-02T19:00:00+01:00 Warsaw,12.011019564796378
2021-11-02T20:00:00+01:00 Warsaw,12.488522571678516
2021-11-02T21:00:00+01:00 Warsaw,12.799579446748451
2021-11-02T22:00:00+01:00 Warsaw,13.324363424027409
2021-11-02T23:00:00+01:00 Warsaw,12.764299649883199
2021-11-03T00:00:00+01:00 Warsaw,12.569122032192018
2021-11-03T01:00:00+01:00 Warsaw,12.294656871424783
2021-11-03T02:00:00+01:00 Warsaw,11.79864672334106
2021-11-03T03:00:00+01:00 Warsaw,11.469545104680238
2021-11-03T04:00:00+01:00 Warsaw,11.56790632926093
2021-11-03T05:00:00+01:00 Warsaw,11.675329310742635
2021-11-03T06:00:00+01:00 Warsaw,11.398647147240462
2021-11-03T07:00:00+01:00 Warsaw,11.153230106814618
2021-11-03T08:00:00+01:00 Warsaw,10.230086485641973
2021-11-03T09:00:00+01:00 Warsaw,9.988667420758143
2021-11-03T10:00:00+01:00 Warsaw,9.063760901720226
2021-11-03T11:00:00+01:00 Warsaw,8.501164204750532
2021-11-03T12:00:00+01:00 Warsaw,7.033598197380702
2021-11-03T13:00:00+01:00 Warsaw,5.403657911329252
2021-11-03T14:00:00+01:00 Warsaw,5.529399100333926
2021-11-03T15:00:00+01:00 Warsaw,6.658205312110759
2021-11-03T16:00:00+01:00 Warsaw,10.162047818766698
2021-11-03T17:00:00+01:00 Warsaw,11.943263914814702
2021-11-03T18:00:00+01:00 Warsaw,12.235188939511774
2021-11-03T19:00:00+01:00 Warsaw,11.587394865890028
2021-11-03T20:00:00+01:00 Warsaw,10.87132742614437
2021-11-03T21:00:00+01:00 Warsaw,10.889316724008983
2021-11-03T22:00:00+01:00 Warsaw,11.051380304949625
2021-11-03T23:00:00+01:00 Warsaw,10.744935828049977
2021-11-04T00:00:00+01:00 Warsaw,10.666777712715998
2021-11-04T01:00:00+01:00 Warsaw,10.667127852263276
2021-11-04T02:00:00+01:00 Warsaw,10.78395677514177
2021-11-04T03:00:00+01:00 Warsaw,11.01617640954477
2021-11-04T04:00:00+01:00 Warsaw,11.161255605927222
2021-11-04T05:00:00+01:00 Warsaw,10.617390506797365
2021-11-04T06:00:00+01:00 Warsaw,10.230349157916176
2021-11-04T07:00:00+01:00 Warsaw,9.61563940698003
2021-11-04T08:00:00+01:00 Warsaw,8.843312424097112
2021-11-04T09:00:00+01:00 Warsaw,7.275540801322649
2021-11-04T10:00:00+01:00 Warsaw,5.765037283226295
2021-11-04T11:00:00+01:00 Warsaw,3.935445763985316
2021-11-04T12:00:00+01:00 Warsaw,2.7286162561335896
2021-11-04T13:00:00+01:00 Warsaw,5.492501258585189
2021-11-04T14:00:00+01:00 Warsaw,3.197969673342175
2021-11-04T15:00:00+01:00 Warsaw,3.4256409639782377
2021-11-04T16:00:00+01:00 Warsaw,3.802170108874639
2021-11-04T17:00:00+01:00 Warsaw,4.510575699196921
2021-11-04T18:00:00+01:00 Warsaw,5.257506959712064
2021-11-04T19:00:00+01:00 Warsaw,6.341626904252134
2021-11-04T20:00:00+01:00 Warsaw,8.24961854265018
2021-11-04T21:00:00+01:00 Warsaw,9.576160203809462
2021-11-04T22:00:00+01:00 Warsaw,10.43700459905907
2021-11-04T23:00:00+01:00 Warsaw,10.71108596642812
2021-11-05T00:00:00+01:00 Warsaw,11.158651878701315
2021-11-05T01:00:00+01:00 Warsaw,11.225470189076882
2021-11-05T02:00:00+01:00 Warsaw,10.35381711933348
2021-11-05T03:00:00+01:00 Warsaw,9.778509537908766
2021-11-05T04:00:00+01:00 Warsaw,10.183689453336926
2021-11-05T05:00:00+01:00 Warsaw,11.035408988263873
2021-11-05T06:00:00+01:00 Warsaw,10.1614887520119
2021-11-05T07:00:00+01:00 Warsaw,10.29829827706019
2021-11-05T08:00:00+01:00 Warsaw,10.296307042704688
2021-11-05T09:00:00+01:00 Warsaw,8.63507985240736
2021-11-05T10:00:00+01:00 Warsaw,8.332807159438966
2021-11-05T11:00:00+01:00 Warsaw,9.40431627159207
2021-11-05T12:00:00+01:00 Warsaw,8.665202543900756
2021-11-05T13:00:00+01:00 Warsaw,8.748740417869003
2021-11-05T14:00:00+01:00 Warsaw,10.367585582846687
2021-11-05T15:00:00+01:00 Warsaw,9.331053601547524
2021-11-05T16:00:00+01:00 Warsaw,9.764209151964339
2021-11-05T17:00:00+01:00 Warsaw,11.453763767776033
2021-11-05T18:00:00+01:00 Warsaw,12.89168999817636
2021-11-05T19:00:00+01:00 Warsaw,11.983799361626305
2021-11-05T20:00:00+01:00 Warsaw,11.914607550703026
2021-11-05T21:00:00+01:00 Warsaw,11.970774485762156
2021-11-05T22:00:00+01:00 Warsaw,12.321925142120433
2021-11-05T23:00:00+01:00 Warsaw,13.32884732219908
2021-11-06T00:00:00+01:00 Warsaw,12.73239205768373
2021-11-06T01:00:00+01:00 Warsaw,12.639203505118688
2021-11-06T02:00:00+01:00 Warsaw,11.764497459420452
2021-11-06T03:00:00+01:00 Warsaw,11.498472209029728
2021-11-06T04:00:00+01:00 Warsaw,11.922113083262502
2021-11-06T05:00:00+01:00 Warsaw,11.94360870000168
2021-11-06T06:00:00+01:00 Warsaw,11.357316031610523
2021-11-06T07:00:00+01:00 Warsaw,11.062844737027058
2021-11-06T08:00:00+01:00 Warsaw,10.25399192638372
2021-11-06T09:00:00+01:00 Warsaw,9.556971456683712
2021-11-06T10:00:00+01:00 Warsaw,9.989542968908944
2021-11-06T11:00:00+01:00 Warsaw,9.725594163508642
2021-11-06T12:00:00+01:00 Warsaw,9.539458961089453
2021-11-06T13:00:00+01:00 Warsaw,8.69882981100053
2021-11-06T14:00:00+01:00 Warsaw,7.818796911204302
2021-11-06T15:00:00+01:00 Warsaw,7.992359353489346
2021-11-06T16:00:00+01:00 Warsaw,8.068359709801497
2021-11-06T17:00:00+01:00 Warsaw,8.9383290665238
2021-11-06T18:00:00+01:00 Warsaw,8.797777356130105
2021-11-06T19:00:00+01:00 Warsaw,11.041965719470271
2021-11-06T20:00:00+01:00 Warsaw,9.20320740116967
2021-11-06T21:00:00+01:00 Warsaw,9.431753457060566
2021-11-06T22:00:00+01:00 Warsaw,10.046460715947328
2021-11-06T23:00:00+01:00 Warsaw,10.852939320335311
2021-11-07T00:00:00+01:00 Warsaw,12.056764178471065
2021-11-07T01:00:00+01:00 Warsaw,13.48258888605894
2021-11-07T02:00:00+01:00 Warsaw,14.004996210177739
2021-11-07T03:00:00+01:00 Warsaw,14.921448141742635
2021-11-07T04:00:00+01:00 Warsaw,15.763270345815906
2021-11-07T05:00:00+01:00 Warsaw,16.332246807659114
2021-11-07T06:00:00+01:00 Warsaw,16.852862966877442
2021-11-07T07:00:00+01:00 Warsaw,15.900190670810366
2021-11-07T08:00:00+01:00 Warsaw,11.964580395174615
2021-11-07T09:00:00+01:00 Warsaw,11.018438405513763
2021-11-07T10:00:00+01:00 Warsaw,10.045411495373573
2021-11-07T11:00:00+01:00 Warsaw,8.656506530797882
2021-11-07T12:00:00+01:00 Warsaw,8.004436673667696
2021-11-07T13:00:00+01:00 Warsaw,9.48821819533242
2021-11-07T14:00:00+01:00 Warsaw,8.907409727281996
2021-11-07T15:00:00+01:00 Warsaw,9.959655386159449
2021-11-07T16:00:00+01:00 Warsaw,11.9634239229891
2021-11-07T17:00:00+01:00 Warsaw,10.774130728509691
2021-11-07T18:00:00+01:00 Warsaw,12.052443072778209
2021-11-07T19:00:00+01:00 Warsaw,11.049959605093354
2021-11-07T20:00:00+01:00 Warsaw,13.57052258491516
2021-11-07T21:00:00+01:00 Warsaw,12.28427865177614
2021-11-07T22:00:00+01:00 Warsaw,13.032866486642098
2021-11-07T23:00:00+01:00 Warsaw,11.56922557124385
2021-11-08T00:00:00+01:00 Warsaw,11.738752608661299
2021-11-08T01:00:00+01:00 Warsaw,12.350147069935446
2021-11-08T02:00:00+01:00 Warsaw,13.569333045085271
2021-11-08T03:00:00+01:00 Warsaw,12.098550807590838
2021-11-08T04:00:00+01:00 Warsaw,13.117008654629743
2021-11-08T05:00:00+01:00 Warsaw,13.08525136280943
2021-11-08T06:00:00+01:00 Warsaw,14.456578956577514
2021-11-08T07:00:00+01:00 Warsaw,13.066546019739574
2021-11-08T08:00:00+01:00 Warsaw,11.87884043912093
2021-11-08T09:00:00+01:00 Warsaw,11.78341171720293
2021-11-08T10:00:00+01:00 Warsaw,11.543831390266066
2021-11-08T11:00:00+01:00 Warsaw,11.189190017290215
2021-11-08T12:00:00+01:00 Warsaw,10.530700314910325
2021-11-08T13:00:00+01:00 Warsaw,10.344885290507918
2021-11-08T14:00:00+01:00 Warsaw,10.301277561434993
2021-11-08T15:00:00+01:00 Warsaw,10.211960479550891
2021-11-08T16:00:00+01:00 Warsaw,10.72316788039384
2021-11-08T17:00:00+01:00 Warsaw,10.885336119157296
2021-11-08T18:00:00+01:00 Warsaw,13.533779612889996
2021-11-08T19:00:00+01:00 Warsaw,12.89449297316869
2021-11-08T20:00:00+01:00 Warsaw,12.771119343726724
2021-11-08T21:00:00+01:00 Warsaw,13.79045198218911
2021-11-08T22:00:00+01:00 Warsaw,13.921158320159508
2021-11-08T23:00:00+01:00 Warsaw,13.580816038700007
2021-11-09T00:00:00+01:00 Warsaw,14.174502267307707
2021-11-09T01:00:00+01:00 Warsaw,14.380943063740377
2021-11-09T02:00:00+01:00 Warsaw,15.223548872839523
2021-11-09T03:00:00+01:00 Warsaw,17.147202250584407
2021-11-09T04:00:00+01:00 Warsaw,18.685766672983213
2021-11-09T05:00:00+01:00 Warsaw,19.84222752699477
2021-11-09T06:00:00+01:00 Warsaw,20.908734263287236
2021-11-09T07:00:00+01:00 Warsaw,20.481654437702563
2021-11-09T08:00:00+01:00 Warsaw,19.45594401741028
2021-11-09T09:00:00+01:00 Warsaw,""
2021-11-09T10:00:00+01:00 Warsaw,""
2021-11-09T11:00:00+01:00 Warsaw,""
2021-11-09T12:00:00+01:00 Warsaw,""
2021-11-09T13:00:00+01:00 Warsaw,""
2021-11-09T14:00:00+01:00 Warsaw,""
2021-11-09T15:00:00+01:00 Warsaw,""
2021-11-09T16:00:00+01:00 Warsaw,""
2021-11-09T17:00:00+01:00 Warsaw,""
2021-11-09T18:00:00+01:00 Warsaw,""
2021-11-09T19:00:00+01:00 Warsaw,""
2021-11-09T20:00:00+01:00 Warsaw,""
2021-11-09T21:00:00+01:00 Warsaw,""
2021-11-09T22:00:00+01:00 Warsaw,""
2021-11-09T23:00:00+01:00 Warsaw,""
2021-11-10T00:00:00+01:00 Warsaw,""
2021-11-10T01:00:00+01:00 Warsaw,""
2021-11-10T02:00:00+01:00 Warsaw,""
2021-11-10T03:00:00+01:00 Warsaw,""
2021-11-10T04:00:00+01:00 Warsaw,""
2021-11-10T05:00:00+01:00 Warsaw,""
2021-11-10T06:00:00+01:00 Warsaw,""
2021-11-10T07:00:00+01:00 Warsaw,""
2021-11-10T08:00:00+01:00 Warsaw,""
2021-11-10T09:00:00+01:00 Warsaw,""
2021-11-10T10:00:00+01:00 Warsaw,""
2021-11-10T11:00:00+01:00 Warsaw,""
2021-11-10T12:00:00+01:00 Warsaw,""
2021-11-10T13:00:00+01:00 Warsaw,""
2021-11-10T14:00:00+01:00 Warsaw,""
2021-11-10T15:00:00+01:00 Warsaw,""
2021-11-10T16:00:00+01:00 Warsaw,""
2021-11-10T17:00:00+01:00 Warsaw,""
2021-11-10T18:00:00+01:00 Warsaw,""
2021-11-10T19:00:00+01:00 Warsaw,""
2021-11-10T20:00:00+01:00 Warsaw,""
2021-11-10T21:00:00+01:00 Warsaw,""
2021-11-10T22:00:00+01:00 Warsaw,""
2021-11-10T23:00:00+01:00 Warsaw,""
2021-11-11T00:00:00+01:00 Warsaw,""
2021-11-11T01:00:00+01:00 Warsaw,""
2021-11-11T02:00:00+01:00 Warsaw,""
2021-11-11T03:00:00+01:00 Warsaw,""
2021-11-11T04:00:00+01:00 Warsaw,""
2021-11-11T05:00:00+01:00 Warsaw,""
2021-11-11T06:00:00+01:00 Warsaw,""
2021-11-11T07:00:00+01:00 Warsaw,""
2021-11-11T08:00:00+01:00 Warsaw,""
2021-11-11T09:00:00+01:00 Warsaw,""
2021-11-11T10:00:00+01:00 Warsaw,""
2021-11-11T11:00:00+01:00 Warsaw,""
2021-11-11T12:00:00+01:00 Warsaw,""
2021-11-11T13:00:00+01:00 Warsaw,""
2021-11-11T14:00:00+01:00 Warsaw,""
2021-11-11T15:00:00+01:00 Warsaw,""
2021-11-11T16:00:00+01:00 Warsaw,""
2021-11-11T17:00:00+01:00 Warsaw,""
2021-11-11T18:00:00+01:00 Warsaw,""
2021-11-11T19:00:00+01:00 Warsaw,""
2021-11-11T20:00:00+01:00 Warsaw,""
2021-11-11T21:00:00+01:00 Warsaw,""
2021-11-11T22:00:00+01:00 Warsaw,""
2021-11-11T23:00:00+01:00 Warsaw,""
2021-11-12T00:00:00+01:00 Warsaw,""
2021-11-12T01:00:00+01:00 Warsaw,""
2021-11-12T02:00:00+01:00 Warsaw,""
2021-11-12T03:00:00+01:00 Warsaw,""
2021-11-12T04:00:00+01:00 Warsaw,""
2021-11-12T05:00:00+01:00 Warsaw,""
2021-11-12T06:00:00+01:00 Warsaw,""
2021-11-12T07:00:00+01:00 Warsaw,""
2021-11-12T08:00:00+01:00 Warsaw,""
2021-11-12T09:00:00+01:00 Warsaw,""
2021-11-12T10:00:00+01:00 Warsaw,""
2021-11-12T11:00:00+01:00 Warsaw,""
2021-11-12T12:00:00+01:00 Warsaw,""
2021-11-12T13:00:00+01:00 Warsaw,""
2021-11-12T14:00:00+01:00 Warsaw,""
2021-11-12T15:00:00+01:00 Warsaw,""
2021-11-12T16:00:00+01:00 Warsaw,""
2021-11-12T17:00:00+01:00 Warsaw,""
2021-11-12T18:00:00+01:00 Warsaw,""
2021-11-12T19:00:00+01:00 Warsaw,""
2021-11-12T20:00:00+01:00 Warsaw,""
2021-11-12T21:00:00+01:00 Warsaw,""
2021-11-12T22:00:00+01:00 Warsaw,""
2021-11-12T23:00:00+01:00 Warsaw,""
2021-11-13T00:00:00+01:00 Warsaw,""
2021-11-13T01:00:00+01:00 Warsaw,""
2021-11-13T02:00:00+01:00 Warsaw,""
2021-11-13T03:00:00+01:00 Warsaw,""
2021-11-13T04:00:00+01:00 Warsaw,""
2021-11-13T05:00:00+01:00 Warsaw,""
2021-11-13T06:00:00+01:00 Warsaw,""
2021-11-13T07:00:00+01:00 Warsaw,""
2021-11-13T08:00:00+01:00 Warsaw,""
2021-11-13T09:00:00+01:00 Warsaw,""
2021-11-13T10:00:00+01:00 Warsaw,""
2021-11-13T11:00:00+01:00 Warsaw,""
2021-11-13T12:00:00+01:00 Warsaw,""
2021-11-13T13:00:00+01:00 Warsaw,""
2021-11-13T14:00:00+01:00 Warsaw,""
2021-11-13T15:00:00+01:00 Warsaw,""
2021-11-13T16:00:00+01:00 Warsaw,""
2021-11-13T17:00:00+01:00 Warsaw,""
2021-11-13T18:00:00+01:00 Warsaw,""
2021-11-13T19:00:00+01:00 Warsaw,""
2021-11-13T20:00:00+01:00 Warsaw,""
2021-11-13T21:00:00+01:00 Warsaw,""
2021-11-13T22:00:00+01:00 Warsaw,""
2021-11-13T23:00:00+01:00 Warsaw,""
2021-11-14T00:00:00+01:00 Warsaw,""
2021-11-14T01:00:00+01:00 Warsaw,""
2021-11-14T02:00:00+01:00 Warsaw,""
2021-11-14T03:00:00+01:00 Warsaw,""
2021-11-14T04:00:00+01:00 Warsaw,""
2021-11-14T05:00:00+01:00 Warsaw,""
2021-11-14T06:00:00+01:00 Warsaw,""
2021-11-14T07:00:00+01:00 Warsaw,""
2021-11-14T08:00:00+01:00 Warsaw,""
2021-11-14T09:00:00+01:00 Warsaw,""
2021-11-14T10:00:00+01:00 Warsaw,""
2021-11-14T11:00:00+01:00 Warsaw,""
2021-11-14T12:00:00+01:00 Warsaw,""
2021-11-14T13:00:00+01:00 Warsaw,""
2021-11-14T14:00:00+01:00 Warsaw,""
2021-11-14T15:00:00+01:00 Warsaw,""
2021-11-14T16:00:00+01:00 Warsaw,""
2021-11-14T17:00:00+01:00 Warsaw,""
2021-11-14T18:00:00+01:00 Warsaw,""
2021-11-14T19:00:00+01:00 Warsaw,""
2021-11-14T20:00:00+01:00 Warsaw,""
2021-11-14T21:00:00+01:00 Warsaw,""
2021-11-14T22:00:00+01:00 Warsaw,""
2021-11-14T23:00:00+01:00 Warsaw,""
2021-11-15T00:00:00+01:00 Warsaw,""
2021-11-15T01:00:00+01:00 Warsaw,""
2021-11-15T02:00:00+01:00 Warsaw,""
2021-11-15T03:00:00+01:00 Warsaw,""
2021-11-15T04:00:00+01:00 Warsaw,""
2021-11-15T05:00:00+01:00 Warsaw,""
2021-11-15T06:00:00+01:00 Warsaw,""
2021-11-15T07:00:00+01:00 Warsaw,""
2021-11-15T08:00:00+01:00 Warsaw,""
2021-11-15T09:00:00+01:00 Warsaw,""
2021-11-15T10:00:00+01:00 Warsaw,""
2021-11-15T11:00:00+01:00 Warsaw,""
2021-11-15T12:00:00+01:00 Warsaw,""
2021-11-15T13:00:00+01:00 Warsaw,""
2021-11-15T14:00:00+01:00 Warsaw,""
2021-11-15T15:00:00+01:00 Warsaw,""
2021-11-15T16:00:00+01:00 Warsaw,""
2021-11-15T17:00:00+01:00 Warsaw,""
2021-11-15T18:00:00+01:00 Warsaw,""
2021-11-15T19:00:00+01:00 Warsaw,""
2021-11-15T20:00:00+01:00 Warsaw,""
2021-11-15T21:00:00+01:00 Warsaw,""
2021-11-15T22:00:00+01:00 Warsaw,""
2021-11-15T23:00:00+01:00 Warsaw,""
2021-11-16T00:00:00+01:00 Warsaw,""
2021-11-16T01:00:00+01:00 Warsaw,""
2021-11-16T02:00:00+01:00 Warsaw,""
2021-11-16T03:00:00+01:00 Warsaw,""
2021-11-16T04:00:00+01:00 Warsaw,""
2021-11-16T05:00:00+01:00 Warsaw,""
2021-11-16T06:00:00+01:00 Warsaw,""
2021-11-16T07:00:00+01:00 Warsaw,""
2021-11-16T08:00:00+01:00 Warsaw,""
2021-11-16T09:00:00+01:00 Warsaw,""
2021-11-16T10:00:00+01:00 Warsaw,""
2021-11-16T11:00:00+01:00 Warsaw,""
2021-11-16T12:00:00+01:00 Warsaw,""
2021-11-16T13:00:00+01:00 Warsaw,""
2021-11-16T14:00:00+01:00 Warsaw,""
2021-11-16T15:00:00+01:00 Warsaw,""
2021-11-16T16:00:00+01:00 Warsaw,""
2021-11-16T17:00:00+01:00 Warsaw,""
2021-11-16T18:00:00+01:00 Warsaw,""
2021-11-16T19:00:00+01:00 Warsaw,""
2021-11-16T20:00:00+01:00 Warsaw,""
2021-11-16T21:00:00+01:00 Warsaw,""
2021-11-16T22:00:00+01:00 Warsaw,""
2021-11-16T23:00:00+01:00 Warsaw,""
2021-11-17T00:00:00+01:00 Warsaw,""
2021-11-17T01:00:00+01:00 Warsaw,""
2021-11-17T02:00:00+01:00 Warsaw,""
2021-11-17T03:00:00+01:00 Warsaw,""
2021-11-17T04:00:00+01:00 Warsaw,""
2021-11-17T05:00:00+01:00 Warsaw,""
2021-11-17T06:00:00+01:00 Warsaw,""
2021-11-17T07:00:00+01:00 Warsaw,""
2021-11-17T08:00:00+01:00 Warsaw,""
2021-11-17T09:00:00+01:00 Warsaw,""
2021-11-17T10:00:00+01:00 Warsaw,""
2021-11-17T11:00:00+01:00 Warsaw,""
2021-11-17T12:00:00+01:00 Warsaw,""
2021-11-17T13:00:00+01:00 Warsaw,""
2021-11-17T14:00:00+01:00 Warsaw,""
2021-11-17T15:00:00+01:00 Warsaw,""
2021-11-17T16:00:00+01:00 Warsaw,""
2021-11-17T17:00:00+01:00 Warsaw,""
2021-11-17T18:00:00+01:00 Warsaw,""
2021-11-17T19:00:00+01:00 Warsaw,""
2021-11-17T20:00:00+01:00 Warsaw,""
2021-11-17T21:00:00+01:00 Warsaw,""
2021-11-17T22:00:00+01:00 Warsaw,""
2021-11-17T23:00:00+01:00 Warsaw,""
2021-11-18T00:00:00+01:00 Warsaw,""
2021-11-18T01:00:00+01:00 Warsaw,""
2021-11-18T02:00:00+01:00 Warsaw,""
2021-11-18T03:00:00+01:00 Warsaw,""
2021-11-18T04:00:00+01:00 Warsaw,""
2021-11-18T05:00:00+01:00 Warsaw,""
2021-11-18T06:00:00+01:00 Warsaw,""
2021-11-18T07:00:00+01:00 Warsaw,""
2021-11-18T08:00:00+01:00 Warsaw,""
2021-11-18T09:00:00+01:00 Warsaw,""
2021-11-18T10:00:00+01:00 Warsaw,""
2021-11-18T11:00:00+01:00 Warsaw,""
2021-11-18T12:00:00+01:00 Warsaw,""
2021-11-18T13:00:00+01:00 Warsaw,""
2021-11-18T14:00:00+01:00 Warsaw,""
2021-11-18T15:00:00+01:00 Warsaw,""
2021-11-18T16:00:00+01:00 Warsaw,""
2021-11-18T17:00:00+01:00 Warsaw,""
2021-11-18T18:00:00+01:00 Warsaw,""
2021-11-18T19:00:00+01:00 Warsaw,""
2021-11-18T20:00:00+01:00 Warsaw,""
2021-11-18T21:00:00+01:00 Warsaw,""
2021-11-18T22:00:00+01:00 Warsaw,""
2021-11-18T23:00:00+01:00 Warsaw,""
2021-11-19T00:00:00+01:00 Warsaw,""
2021-11-19T01:00:00+01:00 Warsaw,""
2021-11-19T02:00:00+01:00 Warsaw,""
2021-11-19T03:00:00+01:00 Warsaw,""
2021-11-19T04:00:00+01:00 Warsaw,""
2021-11-19T05:00:00+01:00 Warsaw,""
2021-11-19T06:00:00+01:00 Warsaw,""
2021-11-19T07:00:00+01:00 Warsaw,""
2021-11-19T08:00:00+01:00 Warsaw,""
2021-11-19T09:00:00+01:00 Warsaw,""
2021-11-19T10:00:00+01:00 Warsaw,""
2021-11-19T11:00:00+01:00 Warsaw,""
2021-11-19T12:00:00+01:00 Warsaw,""
2021-11-19T13:00:00+01:00 Warsaw,""
2021-11-19T14:00:00+01:00 Warsaw,""
2021-11-19T15:00:00+01:00 Warsaw,""
2021-11-19T16:00:00+01:00 Warsaw,""
2021-11-19T17:00:00+01:00 Warsaw,""
2021-11-19T18:00:00+01:00 Warsaw,""
2021-11-19T19:00:00+01:00 Warsaw,""
2021-11-19T20:00:00+01:00 Warsaw,""
2021-11-19T21:00:00+01:00 Warsaw,""
2021-11-19T22:00:00+01:00 Warsaw,""
2021-11-19T23:00:00+01:00 Warsaw,""
2021-11-20T00:00:00+01:00 Warsaw,""
2021-11-20T01:00:00+01:00 Warsaw,""
2021-11-20T02:00:00+01:00 Warsaw,""
2021-11-20T03:00:00+01:00 Warsaw,""
2021-11-20T04:00:00+01:00 Warsaw,""
2021-11-20T05:00:00+01:00 Warsaw,""
2021-11-20T06:00:00+01:00 Warsaw,""
2021-11-20T07:00:00+01:00 Warsaw,""
2021-11-20T08:00:00+01:00 Warsaw,""
2021-11-20T09:00:00+01:00 Warsaw,""
2021-11-20T10:00:00+01:00 Warsaw,""
2021-11-20T11:00:00+01:00 Warsaw,""
2021-11-20T12:00:00+01:00 Warsaw,""
2021-11-20T13:00:00+01:00 Warsaw,""
2021-11-20T14:00:00+01:00 Warsaw,""
2021-11-20T15:00:00+01:00 Warsaw,""
2021-11-20T16:00:00+01:00 Warsaw,""
2021-11-20T17:00:00+01:00 Warsaw,""
2021-11-20T18:00:00+01:00 Warsaw,""
2021-11-20T19:00:00+01:00 Warsaw,""
2021-11-20T20:00:00+01:00 Warsaw,""
2021-11-20T21:00:00+01:00 Warsaw,""
2021-11-20T22:00:00+01:00 Warsaw,""
2021-11-20T23:00:00+01:00 Warsaw,""
2021-11-21T00:00:00+01:00 Warsaw,""
2021-11-21T01:00:00+01:00 Warsaw,""
2021-11-21T02:00:00+01:00 Warsaw,""
2021-11-21T03:00:00+01:00 Warsaw,""
2021-11-21T04:00:00+01:00 Warsaw,""
2021-11-21T05:00:00+01:00 Warsaw,""
2021-11-21T06:00:00+01:00 Warsaw,""
2021-11-21T07:00:00+01:00 Warsaw,""
2021-11-21T08:00:00+01:00 Warsaw,""
2021-11-21T09:00:00+01:00 Warsaw,""
2021-11-21T10:00:00+01:00 Warsaw,""
2021-11-21T11:00:00+01:00 Warsaw,""
2021-11-21T12:00:00+01:00 Warsaw,""
2021-11-21T13:00:00+01:00 Warsaw,""
2021-11-21T14:00:00+01:00 Warsaw,""
2021-11-21T15:00:00+01:00 Warsaw,""
2021-11-21T16:00:00+01:00 Warsaw,""
2021-11-21T17:00:00+01:00 Warsaw,""
2021-11-21T18:00:00+01:00 Warsaw,""
2021-11-21T19:00:00+01:00 Warsaw,""
2021-11-21T20:00:00+01:00 Warsaw,""
2021-11-21T21:00:00+01:00 Warsaw,""
2021-11-21T22:00:00+01:00 Warsaw,""
2021-11-21T23:00:00+01:00 Warsaw,""
2021-11-22T00:00:00+01:00 Warsaw,""
2021-11-22T01:00:00+01:00 Warsaw,""
2021-11-22T02:00:00+01:00 Warsaw,""
2021-11-22T03:00:00+01:00 Warsaw,""
2021-11-22T04:00:00+01:00 Warsaw,""
2021-11-22T05:00:00+01:00 Warsaw,""
2021-11-22T06:00:00+01:00 Warsaw,""
2021-11-22T07:00:00+01:00 Warsaw,""
2021-11-22T08:00:00+01:00 Warsaw,""
2021-11-22T09:00:00+01:00 Warsaw,""
2021-11-22T10:00:00+01:00 Warsaw,13.292712050014071
2021-11-22T11:00:00+01:00 Warsaw,12.443792375293043
2021-11-22T12:00:00+01:00 Warsaw,12.194371555769886
2021-11-22T13:00:00+01:00 Warsaw,12.302246669762665
2021-11-22T14:00:00+01:00 Warsaw,""
2021-11-22T15:00:00+01:00 Warsaw,""
2021-11-22T16:00:00+01:00 Warsaw,""
2021-11-22T17:00:00+01:00 Warsaw,""
2021-11-22T18:00:00+01:00 Warsaw,""
2021-11-22T19:00:00+01:00 Warsaw,""
2021-11-22T20:00:00+01:00 Warsaw,""
2021-11-22T21:00:00+01:00 Warsaw,""
2021-11-22T22:00:00+01:00 Warsaw,""
2021-11-22T23:00:00+01:00 Warsaw,""
2021-11-23T00:00:00+01:00 Warsaw,""
2021-11-23T01:00:00+01:00 Warsaw,""
2021-11-23T02:00:00+01:00 Warsaw,""
2021-11-23T03:00:00+01:00 Warsaw,""
2021-11-23T04:00:00+01:00 Warsaw,""
2021-11-23T05:00:00+01:00 Warsaw,""
2021-11-23T06:00:00+01:00 Warsaw,""
2021-11-23T07:00:00+01:00 Warsaw,""
2021-11-23T08:00:00+01:00 Warsaw,""
2021-11-23T09:00:00+01:00 Warsaw,""
2021-11-23T10:00:00+01:00 Warsaw,""
2021-11-23T11:00:00+01:00 Warsaw,23.200000762939453
2021-11-23T12:00:00+01:00 Warsaw,17.581247991213093
2021-11-23T13:00:00+01:00 Warsaw,17.09346903699857
2021-11-23T14:00:00+01:00 Warsaw,16.697633850044674
2021-11-23T15:00:00+01:00 Warsaw,16.42299586054352
2021-11-23T16:00:00+01:00 Warsaw,16.5437961012699
2021-11-23T17:00:00+01:00 Warsaw,18.111842426878432
2021-11-23T18:00:00+01:00 Warsaw,17.023018511401283
2021-11-23T19:00:00+01:00 Warsaw,17.61186766619168
2021-11-23T20:00:00+01:00 Warsaw,17.280739318218494
2021-11-23T21:00:00+01:00 Warsaw,16.930477676535094
2021-11-23T22:00:00+01:00 Warsaw,16.014025900659735
2021-11-23T23:00:00+01:00 Warsaw,15.413009298421718
2021-11-24T00:00:00+01:00 Warsaw,15.632257251231758
2021-11-24T01:00:00+01:00 Warsaw,15.909921847449406
2021-11-24T02:00:00+01:00 Warsaw,16.173535097881597
2021-11-24T03:00:00+01:00 Warsaw,16.08044620851234
2021-11-24T04:00:00+01:00 Warsaw,15.195090062485802
2021-11-24T05:00:00+01:00 Warsaw,15.15429210790881
2021-11-24T06:00:00+01:00 Warsaw,15.071105717120346
2021-11-24T07:00:00+01:00 Warsaw,16.749222145640662
2021-11-24T08:00:00+01:00 Warsaw,14.618949506437337
2021-11-24T09:00:00+01:00 Warsaw,14.996634792266066
2021-11-24T10:00:00+01:00 Warsaw,13.769763841920428
2021-11-24T11:00:00+01:00 Warsaw,13.267655188662033
2021-11-24T12:00:00+01:00 Warsaw,12.829307323295183
2021-11-24T13:00:00+01:00 Warsaw,12.440759154280025
2021-11-24T14:00:00+01:00 Warsaw,13.621132510803363
2021-11-24T15:00:00+01:00 Warsaw,13.267655863020154
2021-11-24T16:00:00+01:00 Warsaw,13.791058083883039
2021-11-24T17:00:00+01:00 Warsaw,14.051764257197027
2021-11-24T18:00:00+01:00 Warsaw,15.623950635901203
2021-11-24T19:00:00+01:00 Warsaw,14.822936955544682
2021-11-24T20:00:00+01:00 Warsaw,15.494603801921564
2021-11-24T21:00:00+01:00 Warsaw,16.3242665845818
2021-11-24T22:00:00+01:00 Warsaw,15.70854222891949
2021-11-24T23:00:00+01:00 Warsaw,15.727448068790965
2021-11-25T00:00:00+01:00 Warsaw,15.520275982141493
2021-11-25T01:00:00+01:00 Warsaw,15.35628934827116
2021-11-25T02:00:00+01:00 Warsaw,16.230540026205556
2021-11-25T03:00:00+01:00 Warsaw,16.042273376252915
2021-11-25T04:00:00+01:00 Warsaw,15.942131746080188
2021-11-25T05:00:00+01:00 Warsaw,15.702571807305018
2021-11-25T06:00:00+01:00 Warsaw,16.58300220414444
2021-11-25T07:00:00+01:00 Warsaw,18.487891594951588
2021-11-25T08:00:00+01:00 Warsaw,18.60516681212518
2021-11-25T09:00:00+01:00 Warsaw,17.414077771181624
2021-11-25T10:00:00+01:00 Warsaw,16.121492607373565
2021-11-25T11:00:00+01:00 Warsaw,14.859754403412028
2021-11-25T12:00:00+01:00 Warsaw,14.048779201698052
2021-11-25T13:00:00+01:00 Warsaw,13.72637870322039
2021-11-25T14:00:00+01:00 Warsaw,14.455096001993411
2021-11-25T15:00:00+01:00 Warsaw,16.03890222026978
2021-11-25T16:00:00+01:00 Warsaw,17.04947112030453
2021-11-25T17:00:00+01:00 Warsaw,16.234721912498827
2021-11-25T18:00:00+01:00 Warsaw,15.963875348038144
2021-11-25T19:00:00+01:00 Warsaw,15.974223471261837
2021-11-25T20:00:00+01:00 Warsaw,16.378218281158695
2021-11-25T21:00:00+01:00 Warsaw,17.723705018794092
2021-11-25T22:00:00+01:00 Warsaw,16.940827257902537
2021-11-25T23:00:00+01:00 Warsaw,17.154366676630797
2021-11-26T00:00:00+01:00 Warsaw,17.994946115281845
2021-11-26T01:00:00+01:00 Warsaw,18.832441679106818
2021-11-26T02:00:00+01:00 Warsaw,17.833119496337954
2021-11-26T03:00:00+01:00 Warsaw,18.364112078755618
2021-11-26T04:00:00+01:00 Warsaw,17.70304353381528
2021-11-26T05:00:00+01:00 Warsaw,17.614483213411436
2021-11-26T06:00:00+01:00 Warsaw,17.75265518334177
2021-11-26T07:00:00+01:00 Warsaw,17.825012828707695
2021-11-26T08:00:00+01:00 Warsaw,17.088692538857455
2021-11-26T09:00:00+01:00 Warsaw,16.61404786025595
2021-11-26T10:00:00+01:00 Warsaw,15.579681297543294
2021-11-26T11:00:00+01:00 Warsaw,15.073294349069949
2021-11-26T12:00:00+01:00 Warsaw,15.505076813376137
2021-11-26T13:00:00+01:00 Warsaw,15.148919219189219
2021-11-26T14:00:00+01:00 Warsaw,15.559680858744514
2021-11-26T15:00:00+01:00 Warsaw,16.227964229795667
2021-11-26T16:00:00+01:00 Warsaw,17.020033315506353
2021-11-26T17:00:00+01:00 Warsaw,18.576641508580117
2021-11-26T18:00:00+01:00 Warsaw,19.83207774258559
2021-11-26T19:00:00+01:00 Warsaw,20.58032202375156
2021-11-26T20:00:00+01:00 Warsaw,20.151160558760168
2021-11-26T21:00:00+01:00 Warsaw,20.36087275928921
2021-11-26T22:00:00+01:00 Warsaw,20.47318535980803
2021-11-26T23:00:00+01:00 Warsaw,20.163632856684703
2021-11-27T00:00:00+01:00 Warsaw,20.82864279265205
2021-11-27T01:00:00+01:00 Warsaw,20.735314889872516
2021-11-27T02:00:00+01:00 Warsaw,20.956685936008338
2021-11-27T03:00:00+01:00 Warsaw,20.768223615087688
2021-11-27T04:00:00+01:00 Warsaw,21.210951582971546
2021-11-27T05:00:00+01:00 Warsaw,20.83949136958685
2021-11-27T06:00:00+01:00 Warsaw,20.799420128679742
2021-11-27T07:00:00+01:00 Warsaw,20.546714768646492
2021-11-27T08:00:00+01:00 Warsaw,20.851786117457134
2021-11-27T09:00:00+01:00 Warsaw,20.333588869049592
2021-11-27T10:00:00+01:00 Warsaw,20.162438148536065
2021-11-27T11:00:00+01:00 Warsaw,20.029946920164203
2021-11-27T12:00:00+01:00 Warsaw,20.04192809483078
2021-11-27T13:00:00+01:00 Warsaw,19.41031368549223
2021-11-27T14:00:00+01:00 Warsaw,19.50331913980069
2021-11-27T15:00:00+01:00 Warsaw,19.73747759254111
2021-11-27T16:00:00+01:00 Warsaw,19.827551085154216
2021-11-27T17:00:00+01:00 Warsaw,20.362847013661156
2021-11-27T18:00:00+01:00 Warsaw,19.947702949625477
2021-11-27T19:00:00+01:00 Warsaw,19.803205697984605
2021-11-27T20:00:00+01:00 Warsaw,20.288185451757027
2021-11-27T21:00:00+01:00 Warsaw,20.514837361477593
2021-11-27T22:00:00+01:00 Warsaw,20.463344841394157
2021-11-27T23:00:00+01:00 Warsaw,21.270820180680307
2021-11-28T00:00:00+01:00 Warsaw,21.78140412589759
2021-11-28T01:00:00+01:00 Warsaw,22.33764279353306
2021-11-28T02:00:00+01:00 Warsaw,21.250040741374026
2021-11-28T03:00:00+01:00 Warsaw,20.342544439862724
2021-11-28T04:00:00+01:00 Warsaw,19.983051708936692
2021-11-28T05:00:00+01:00 Warsaw,19.807201109986615
2021-11-28T06:00:00+01:00 Warsaw,20.631112340800737
2021-11-28T07:00:00+01:00 Warsaw,20.60225528073492
2021-11-28T08:00:00+01:00 Warsaw,20.856195405380042
2021-11-28T09:00:00+01:00 Warsaw,19.796340920435213
2021-11-28T10:00:00+01:00 Warsaw,18.49819739089189
2021-11-28T11:00:00+01:00 Warsaw,16.35135176051399
2021-11-28T12:00:00+01:00 Warsaw,15.0023800946165
2021-11-28T13:00:00+01:00 Warsaw,14.842127274562865
2021-11-28T14:00:00+01:00 Warsaw,15.917902871008272
2021-11-28T15:00:00+01:00 Warsaw,16.692658190285716
2021-11-28T16:00:00+01:00 Warsaw,17.056054351347466
2021-11-28T17:00:00+01:00 Warsaw,17.697670286564914
2021-11-28T18:00:00+01:00 Warsaw,18.100599796928005
2021-11-28T19:00:00+01:00 Warsaw,18.18425500147873
2021-11-28T20:00:00+01:00 Warsaw,18.284756345711376
2021-11-28T21:00:00+01:00 Warsaw,17.846332814508013
2021-11-28T22:00:00+01:00 Warsaw,17.431392016651454
2021-11-28T23:00:00+01:00 Warsaw,17.32730866268167
2021-11-29T00:00:00+01:00 Warsaw,17.53649874363879
2021-11-29T01:00:00+01:00 Warsaw,17.43206050387845
2021-11-29T02:00:00+01:00 Warsaw,16.940827882848087
2021-11-29T03:00:00+01:00 Warsaw,18.063853274374093
2021-11-29T04:00:00+01:00 Warsaw,18.916670689879194
2021-11-29T05:00:00+01:00 Warsaw,19.79187744866422
2021-11-29T06:00:00+01:00 Warsaw,20.042533469183578
2021-11-29T07:00:00+01:00 Warsaw,21.362066727037785
2021-11-29T08:00:00+01:00 Warsaw,20.158827818426822
2021-11-29T09:00:00+01:00 Warsaw,20.02981085202839
2021-11-29T10:00:00+01:00 Warsaw,20.0445939417617
2021-11-29T11:00:00+01:00 Warsaw,19.998252237392798
2021-11-29T12:00:00+01:00 Warsaw,19.71983428042985
2021-11-29T13:00:00+01:00 Warsaw,19.499300527875388
2021-11-29T14:00:00+01:00 Warsaw,19.531042433818183
2021-11-29T15:00:00+01:00 Warsaw,20.11032611552212
2021-11-29T16:00:00+01:00 Warsaw,19.6167929475236
2021-11-29T17:00:00+01:00 Warsaw,19.47027330454411
2021-11-29T18:00:00+01:00 Warsaw,19.42751429126061
2021-11-29T19:00:00+01:00 Warsaw,19.36977213468375
2021-11-29T20:00:00+01:00 Warsaw,19.439520468131892
2021-11-29T21:00:00+01:00 Warsaw,19.629223855729773
2021-11-29T22:00:00+01:00 Warsaw,19.852129348996616
2021-11-29T23:00:00+01:00 Warsaw,19.599620747656733
2021-11-30T00:00:00+01:00 Warsaw,19.676050799045296
2021-11-30T01:00:00+01:00 Warsaw,19.614727842643777
2021-11-30T02:00:00+01:00 Warsaw,19.635481970013764
2021-11-30T03:00:00+01:00 Warsaw,20.048006113306794
2021-11-30T04:00:00+01:00 Warsaw,20.125798575017185
2021-11-30T05:00:00+01:00 Warsaw,20.446627863003147
2021-11-30T06:00:00+01:00 Warsaw,21.13560844391213
2021-11-30T07:00:00+01:00 Warsaw,21.646644197964417
2021-11-30T08:00:00+01:00 Warsaw,21.02913697750922
2021-11-30T09:00:00+01:00 Warsaw,20.304931033083964
2021-11-30T10:00:00+01:00 Warsaw,19.37136433093668
2021-11-30T11:00:00+01:00 Warsaw,19.3596723814259
2021-11-30T12:00:00+01:00 Warsaw,19.44499861128463
2021-11-30T13:00:00+01:00 Warsaw,19.868341913589884
2021-11-30T14:00:00+01:00 Warsaw,19.90382274096211
2021-11-30T15:00:00+01:00 Warsaw,20.032681964586114
2021-11-30T16:00:00+01:00 Warsaw,21.682812374980912
2021-11-30T17:00:00+01:00 Warsaw,20.789355871318353
2021-11-30T18:00:00+01:00 Warsaw,21.121629575673076
2021-11-30T19:00:00+01:00 Warsaw,20.182339561702108
2021-11-30T20:00:00+01:00 Warsaw,19.734163614969564
2021-11-30T21:00:00+01:00 Warsaw,18.909655379492925
2021-11-30T22:00:00+01:00 Warsaw,19.075915521155906
2021-11-30T23:00:00+01:00 Warsaw,18.780098485138684

