Timestamp,Radiowa 20B CustomWeather Temp_Zewnetrzna
2022-03-01T00:00:00+01:00 Warsaw,-4.685110727945964
2022-03-01T01:00:00+01:00 Warsaw,-4.693999842593544
2022-03-01T02:00:00+01:00 Warsaw,-5.365999971117292
2022-03-01T03:00:00+01:00 Warsaw,-6.2193335096041364
2022-03-01T04:00:00+01:00 Warsaw,-6.775684632753071
2022-03-01T05:00:00+01:00 Warsaw,-7.074190457661946
2022-03-01T06:00:00+01:00 Warsaw,-7.188897560382712
2022-03-01T07:00:00+01:00 Warsaw,-6.083803812662761
2022-03-01T08:00:00+01:00 Warsaw,-2.1107556784835952
2022-03-01T09:00:00+01:00 Warsaw,3.3203030662103132
2022-03-01T10:00:00+01:00 Warsaw,2.949047488825662
2022-03-01T11:00:00+01:00 Warsaw,3.6650000140070915
2022-03-01T12:00:00+01:00 Warsaw,4.543333390179803
2022-03-01T13:00:00+01:00 Warsaw,5.34000001847744
2022-03-01T14:00:00+01:00 Warsaw,5.8465433297333895
2022-03-01T15:00:00+01:00 Warsaw,5.870833307504654
2022-03-01T16:00:00+01:00 Warsaw,4.786551878370088
2022-03-01T17:00:00+01:00 Warsaw,2.036666582028071
2022-03-01T18:00:00+01:00 Warsaw,-0.26793111798128694
2022-03-01T19:00:00+01:00 Warsaw,-1.7535553322898016
2022-03-01T20:00:00+01:00 Warsaw,-2.3546314866919267
2022-03-01T21:00:00+01:00 Warsaw,-3.094864864607115
2022-03-01T22:00:00+01:00 Warsaw,-4.046320295333862
2022-03-01T23:00:00+01:00 Warsaw,-4.624666293462117
2022-03-02T00:00:00+01:00 Warsaw,-5.136666615804036
2022-03-02T01:00:00+01:00 Warsaw,-5.637999859723178
2022-03-02T02:00:00+01:00 Warsaw,-5.992665648460388
2022-03-02T03:00:00+01:00 Warsaw,-5.987914375636889
2022-03-02T04:00:00+01:00 Warsaw,-6.21044381459554
2022-03-02T05:00:00+01:00 Warsaw,-6.626521359319272
2022-03-02T06:00:00+01:00 Warsaw,-6.877271847291426
2022-03-02T07:00:00+01:00 Warsaw,-5.655626830408129
2022-03-02T08:00:00+01:00 Warsaw,-1.7922664927318692
2022-03-02T09:00:00+01:00 Warsaw,3.7538096564156667
2022-03-02T10:00:00+01:00 Warsaw,3.728333607316017
2022-03-02T11:00:00+01:00 Warsaw,4.486666724085808
2022-03-02T12:00:00+01:00 Warsaw,5.378420930159719
2022-03-02T13:00:00+01:00 Warsaw,6.224814821172644
2022-03-02T14:00:00+01:00 Warsaw,6.619411440456615
2022-03-02T15:00:00+01:00 Warsaw,6.284814874331157
2022-03-02T16:00:00+01:00 Warsaw,4.945819082906691
2022-03-02T17:00:00+01:00 Warsaw,2.2651114066441855
2022-03-02T18:00:00+01:00 Warsaw,-0.16129687511446802
2022-03-02T19:00:00+01:00 Warsaw,-1.3393334969878197
2022-03-02T20:00:00+01:00 Warsaw,-1.9522398281097413
2022-03-02T21:00:00+01:00 Warsaw,-2.54623446745031
2022-03-02T22:00:00+01:00 Warsaw,-2.7846676111221313
2022-03-02T23:00:00+01:00 Warsaw,-3.3531995455423993
2022-03-03T00:00:00+01:00 Warsaw,-4.061999907096227
2022-03-03T01:00:00+01:00 Warsaw,-4.514444457160102
2022-03-03T02:00:00+01:00 Warsaw,-5.04321753460428
2022-03-03T03:00:00+01:00 Warsaw,-5.462000211079915
2022-03-03T04:00:00+01:00 Warsaw,-5.763332903385162
2022-03-03T05:00:00+01:00 Warsaw,-6.017999351024628
2022-03-03T06:00:00+01:00 Warsaw,-5.718000217720315
2022-03-03T07:00:00+01:00 Warsaw,-4.045466462771098
2022-03-03T08:00:00+01:00 Warsaw,-0.08119986137996117
2022-03-03T09:00:00+01:00 Warsaw,3.255926099088457
2022-03-03T10:00:00+01:00 Warsaw,3.685772331749521
2022-03-03T11:00:00+01:00 Warsaw,4.55153830234821
2022-03-03T12:00:00+01:00 Warsaw,4.960588244830861
2022-03-03T13:00:00+01:00 Warsaw,4.831138215413907
2022-03-03T14:00:00+01:00 Warsaw,3.978275718360112
2022-03-03T15:00:00+01:00 Warsaw,2.662799987792969
2022-03-03T16:00:00+01:00 Warsaw,1.6722220828135808
2022-03-03T17:00:00+01:00 Warsaw,1.316666669315762
2022-03-03T18:00:00+01:00 Warsaw,1.113703343603346
2022-03-03T19:00:00+01:00 Warsaw,1.0737030721373029
2022-03-03T20:00:00+01:00 Warsaw,0.5824732155569138
2022-03-03T21:00:00+01:00 Warsaw,0.5441179275512695
2022-03-03T22:00:00+01:00 Warsaw,0.4747617904629026
2022-03-03T23:00:00+01:00 Warsaw,0.31488835414250693
2022-03-04T00:00:00+01:00 Warsaw,0.3122219575775994
2022-03-04T01:00:00+01:00 Warsaw,0.3166669934988022
2022-03-04T02:00:00+01:00 Warsaw,0.5006667360663414
2022-03-04T03:00:00+01:00 Warsaw,0.6221213720061562
2022-03-04T04:00:00+01:00 Warsaw,0.7738095238095238
2022-03-04T05:00:00+01:00 Warsaw,1.0262963871161144
2022-03-04T06:00:00+01:00 Warsaw,1.2196972424333745
2022-03-04T07:00:00+01:00 Warsaw,1.1768371753203564
2022-03-04T08:00:00+01:00 Warsaw,1.4461907020636968
2022-03-04T09:00:00+01:00 Warsaw,2.1667817214439653
2022-03-04T10:00:00+01:00 Warsaw,2.6007245312566343
2022-03-04T11:00:00+01:00 Warsaw,2.9833331207434335
2022-03-04T12:00:00+01:00 Warsaw,3.912028924278591
2022-03-04T13:00:00+01:00 Warsaw,5.24519980430603
2022-03-04T14:00:00+01:00 Warsaw,4.835185156928168
2022-03-04T15:00:00+01:00 Warsaw,4.460370275709364
2022-03-04T16:00:00+01:00 Warsaw,3.9699998477409624
2022-03-04T17:00:00+01:00 Warsaw,3.3617461863018216
2022-03-04T18:00:00+01:00 Warsaw,2.5890990463463037
2022-03-04T19:00:00+01:00 Warsaw,1.7662667942047119
2022-03-04T20:00:00+01:00 Warsaw,1.0366666143940342
2022-03-04T21:00:00+01:00 Warsaw,0.6570588280172909
2022-03-04T22:00:00+01:00 Warsaw,0.7469693124294281
2022-03-04T23:00:00+01:00 Warsaw,0.6711764686247882
2022-03-05T00:00:00+01:00 Warsaw,0.5280949962990624
2022-03-05T01:00:00+01:00 Warsaw,0.4277777754598194
2022-03-05T02:00:00+01:00 Warsaw,0.22454545172778043
2022-03-05T03:00:00+01:00 Warsaw,0.00929841688392978
2022-03-05T04:00:00+01:00 Warsaw,-0.11333297938108444
2022-03-05T05:00:00+01:00 Warsaw,-0.10585210571686426
2022-03-05T06:00:00+01:00 Warsaw,-0.13773379068821667
2022-03-05T07:00:00+01:00 Warsaw,0.3197436530429583
2022-03-05T08:00:00+01:00 Warsaw,1.2899999991059303
2022-03-05T09:00:00+01:00 Warsaw,2.622482322631998
2022-03-05T10:00:00+01:00 Warsaw,3.5110101555332993
2022-03-05T11:00:00+01:00 Warsaw,3.0785714217594693
2022-03-05T12:00:00+01:00 Warsaw,3.2435135132557638
2022-03-05T13:00:00+01:00 Warsaw,4.076666541397572
2022-03-05T14:00:00+01:00 Warsaw,4.059777983029684
2022-03-05T15:00:00+01:00 Warsaw,3.702173917189888
2022-03-05T16:00:00+01:00 Warsaw,2.4595238027118502
2022-03-05T17:00:00+01:00 Warsaw,1.2499999985462282
2022-03-05T18:00:00+01:00 Warsaw,0.061259114473230306
2022-03-05T19:00:00+01:00 Warsaw,-0.15317476044098535
2022-03-05T20:00:00+01:00 Warsaw,0.1360604565336623
2022-03-05T21:00:00+01:00 Warsaw,0.20157868846466667
2022-03-05T22:00:00+01:00 Warsaw,0.1238465286218203
2022-03-05T23:00:00+01:00 Warsaw,-0.08777771195552002
2022-03-06T00:00:00+01:00 Warsaw,-0.27952357700892855
2022-03-06T01:00:00+01:00 Warsaw,-0.44333333770434064
2022-03-06T02:00:00+01:00 Warsaw,-0.5354549749331041
2022-03-06T03:00:00+01:00 Warsaw,-0.6895553469657898
2022-03-06T04:00:00+01:00 Warsaw,-0.8154545317996632
2022-03-06T05:00:00+01:00 Warsaw,-0.8854090770085653
2022-03-06T06:00:00+01:00 Warsaw,-0.782784640789032
2022-03-06T07:00:00+01:00 Warsaw,0.2648148156392078
2022-03-06T08:00:00+01:00 Warsaw,1.6981720962832052
2022-03-06T09:00:00+01:00 Warsaw,2.5255557128361295
2022-03-06T10:00:00+01:00 Warsaw,3.0914035408120406
2022-03-06T11:00:00+01:00 Warsaw,3.6381482389238147
2022-03-06T12:00:00+01:00 Warsaw,4.432476302555629
2022-03-06T13:00:00+01:00 Warsaw,4.241745829582214
2022-03-06T14:00:00+01:00 Warsaw,3.4383332381645837
2022-03-06T15:00:00+01:00 Warsaw,2.6804762312344144
2022-03-06T16:00:00+01:00 Warsaw,1.8099999977992132
2022-03-06T17:00:00+01:00 Warsaw,0.9070115521036345
2022-03-06T18:00:00+01:00 Warsaw,0.46882353109471936
2022-03-06T19:00:00+01:00 Warsaw,0.21999969566240907
2022-03-06T20:00:00+01:00 Warsaw,-0.061745955741831234
2022-03-06T21:00:00+01:00 Warsaw,-0.24960765680846045
2022-03-06T22:00:00+01:00 Warsaw,-0.358888887696796
2022-03-06T23:00:00+01:00 Warsaw,-0.40904820816857473
2022-03-07T00:00:00+01:00 Warsaw,""
2022-03-07T01:00:00+01:00 Warsaw,-0.4699999988079071
2022-03-07T02:00:00+01:00 Warsaw,-0.4966674745082855
2022-03-07T03:00:00+01:00 Warsaw,-0.498148865169949
2022-03-07T04:00:00+01:00 Warsaw,-0.5538096342767987
2022-03-07T05:00:00+01:00 Warsaw,-1.1229411766809576
2022-03-07T06:00:00+01:00 Warsaw,-1.739818892695687
2022-03-07T07:00:00+01:00 Warsaw,-0.7239683301276749
2022-03-07T08:00:00+01:00 Warsaw,3.254659742116928
2022-03-07T09:00:00+01:00 Warsaw,6.250979492881081
2022-03-07T10:00:00+01:00 Warsaw,5.449999872006868
2022-03-07T11:00:00+01:00 Warsaw,5.420769223800073
2022-03-07T12:00:00+01:00 Warsaw,5.44963957812335
2022-03-07T13:00:00+01:00 Warsaw,6.479768525986445
2022-03-07T14:00:00+01:00 Warsaw,6.642688698238796
2022-03-07T15:00:00+01:00 Warsaw,5.717368289044029
2022-03-07T16:00:00+01:00 Warsaw,5.0683782680614575
2022-03-07T17:00:00+01:00 Warsaw,3.6494203235792075
2022-03-07T18:00:00+01:00 Warsaw,2.638799982070923
2022-03-07T19:00:00+01:00 Warsaw,1.8525224311931714
2022-03-07T20:00:00+01:00 Warsaw,1.0827928427103404
2022-03-07T21:00:00+01:00 Warsaw,-0.00957436443484844
2022-03-07T22:00:00+01:00 Warsaw,-0.21074083015426165
2022-03-07T23:00:00+01:00 Warsaw,-0.721212156794288
2022-03-08T00:00:00+01:00 Warsaw,-1.820788040305629
2022-03-08T01:00:00+01:00 Warsaw,-2.524153782771184
2022-03-08T02:00:00+01:00 Warsaw,-3.138444013065762
2022-03-08T03:00:00+01:00 Warsaw,-3.445999062579611
2022-03-08T04:00:00+01:00 Warsaw,-3.8864705562591553
2022-03-08T05:00:00+01:00 Warsaw,-4.194000571966171
2022-03-08T06:00:00+01:00 Warsaw,-3.8263638344678013
2022-03-08T07:00:00+01:00 Warsaw,-2.314292576254868
2022-03-08T08:00:00+01:00 Warsaw,-1.17199981585145
2022-03-08T09:00:00+01:00 Warsaw,-0.4966667171102017
2022-03-08T10:00:00+01:00 Warsaw,0.7858974945624001
2022-03-08T11:00:00+01:00 Warsaw,2.3848148937578553
2022-03-08T12:00:00+01:00 Warsaw,4.096511508143226
2022-03-08T13:00:00+01:00 Warsaw,5.340212771233092
2022-03-08T14:00:00+01:00 Warsaw,6.060666542053223
2022-03-08T15:00:00+01:00 Warsaw,5.886922909663274
2022-03-08T16:00:00+01:00 Warsaw,5.641794608189509
2022-03-08T17:00:00+01:00 Warsaw,4.916666678019932
2022-03-08T18:00:00+01:00 Warsaw,4.167333245277405
2022-03-08T19:00:00+01:00 Warsaw,3.8588889042536416
2022-03-08T20:00:00+01:00 Warsaw,3.636666695276896
2022-03-08T21:00:00+01:00 Warsaw,3.5
2022-03-08T22:00:00+01:00 Warsaw,3.3326667308807374
2022-03-08T23:00:00+01:00 Warsaw,3.165897699502798
2022-03-09T00:00:00+01:00 Warsaw,2.8703920280232147
2022-03-09T01:00:00+01:00 Warsaw,2.7726664781570434
2022-03-09T02:00:00+01:00 Warsaw,2.736666887998581
2022-03-09T03:00:00+01:00 Warsaw,2.7993329524993897
2022-03-09T04:00:00+01:00 Warsaw,2.767192614705939
2022-03-09T05:00:00+01:00 Warsaw,2.606862895628985
2022-03-09T06:00:00+01:00 Warsaw,2.627777894337972
2022-03-09T07:00:00+01:00 Warsaw,3.2921052669223987
2022-03-09T08:00:00+01:00 Warsaw,5.252259997998253
2022-03-09T09:00:00+01:00 Warsaw,6.998925502483662
2022-03-09T10:00:00+01:00 Warsaw,8.300658045874702
2022-03-09T11:00:00+01:00 Warsaw,9.049874151906659
2022-03-09T12:00:00+01:00 Warsaw,9.158961120404696
2022-03-09T13:00:00+01:00 Warsaw,8.367297213128273
2022-03-09T14:00:00+01:00 Warsaw,7.453510729471843
2022-03-09T15:00:00+01:00 Warsaw,6.774373810465743
2022-03-09T16:00:00+01:00 Warsaw,4.909999996423721
2022-03-09T17:00:00+01:00 Warsaw,3.5166667440663213
2022-03-09T18:00:00+01:00 Warsaw,3.00851833820343
2022-03-09T19:00:00+01:00 Warsaw,2.544034995530781
2022-03-09T20:00:00+01:00 Warsaw,2.111818167296323
2022-03-09T21:00:00+01:00 Warsaw,1.5251999998092651
2022-03-09T22:00:00+01:00 Warsaw,0.5895744666972376
2022-03-09T23:00:00+01:00 Warsaw,-0.7759556220637427
2022-03-10T00:00:00+01:00 Warsaw,-1.8048573349203383
2022-03-10T01:00:00+01:00 Warsaw,-2.6940000653266907
2022-03-10T02:00:00+01:00 Warsaw,-3.572933252652486
2022-03-10T03:00:00+01:00 Warsaw,-4.345840187072754
2022-03-10T04:00:00+01:00 Warsaw,-4.686381680624826
2022-03-10T05:00:00+01:00 Warsaw,-5.224666694800059
2022-03-10T06:00:00+01:00 Warsaw,-4.996000021696091
2022-03-10T07:00:00+01:00 Warsaw,-3.8779999792575834
2022-03-10T08:00:00+01:00 Warsaw,0.6511951213509872
2022-03-10T09:00:00+01:00 Warsaw,2.554795273563318
2022-03-10T10:00:00+01:00 Warsaw,0.7194255035499046
2022-03-10T11:00:00+01:00 Warsaw,1.000077671782915
2022-03-10T12:00:00+01:00 Warsaw,1.675747065708555
2022-03-10T13:00:00+01:00 Warsaw,2.4205262943318018
2022-03-10T14:00:00+01:00 Warsaw,3.1107407499242714
2022-03-10T15:00:00+01:00 Warsaw,3.0734233791763717
2022-03-10T16:00:00+01:00 Warsaw,2.0151281631909885
2022-03-10T17:00:00+01:00 Warsaw,0.24862068928457026
2022-03-10T18:00:00+01:00 Warsaw,-0.9257142841815948
2022-03-10T19:00:00+01:00 Warsaw,-1.692857482603618
2022-03-10T20:00:00+01:00 Warsaw,-2.408909786831249
2022-03-10T21:00:00+01:00 Warsaw,-2.7266941381537397
2022-03-10T22:00:00+01:00 Warsaw,-3.1093045110287876
2022-03-10T23:00:00+01:00 Warsaw,-3.565578247371473
2022-03-11T00:00:00+01:00 Warsaw,-3.8531717678596236
2022-03-11T01:00:00+01:00 Warsaw,-4.270470443893881
2022-03-11T02:00:00+01:00 Warsaw,-5.628399982452392
2022-03-11T03:00:00+01:00 Warsaw,-6.821999788284302
2022-03-11T04:00:00+01:00 Warsaw,-7.378800137837728
2022-03-11T05:00:00+01:00 Warsaw,-7.475175773396211
2022-03-11T06:00:00+01:00 Warsaw,-7.30762142748446
2022-03-11T07:00:00+01:00 Warsaw,-5.552133138974508
2022-03-11T08:00:00+01:00 Warsaw,0.2629334401339293
2022-03-11T09:00:00+01:00 Warsaw,3.0100001001358034
2022-03-11T10:00:00+01:00 Warsaw,1.0930303430015391
2022-03-11T11:00:00+01:00 Warsaw,1.838571426414308
2022-03-11T12:00:00+01:00 Warsaw,2.6724762848445347
2022-03-11T13:00:00+01:00 Warsaw,3.4107844128328213
2022-03-11T14:00:00+01:00 Warsaw,4.13237042427063
2022-03-11T15:00:00+01:00 Warsaw,4.88365083649045
2022-03-11T16:00:00+01:00 Warsaw,3.9559393752704968
2022-03-11T17:00:00+01:00 Warsaw,2.0139998296896615
2022-03-11T18:00:00+01:00 Warsaw,-0.5935878905721687
2022-03-11T19:00:00+01:00 Warsaw,-2.0534074748003923
2022-03-11T20:00:00+01:00 Warsaw,-2.9179999907811482
2022-03-11T21:00:00+01:00 Warsaw,-3.3748885525597467
2022-03-11T22:00:00+01:00 Warsaw,-3.502726825800809
2022-03-11T23:00:00+01:00 Warsaw,-3.7108889487054615
2022-03-12T00:00:00+01:00 Warsaw,-4.518000066280365
2022-03-12T01:00:00+01:00 Warsaw,-5.155473834589908
2022-03-12T02:00:00+01:00 Warsaw,-5.792666852474213
2022-03-12T03:00:00+01:00 Warsaw,-6.325999474525451
2022-03-12T04:00:00+01:00 Warsaw,-6.794923048753005
2022-03-12T05:00:00+01:00 Warsaw,-7.2143815358479815
2022-03-12T06:00:00+01:00 Warsaw,-7.055412460775936
2022-03-12T07:00:00+01:00 Warsaw,-4.975491584357568
2022-03-12T08:00:00+01:00 Warsaw,2.2649090914055705
2022-03-12T09:00:00+01:00 Warsaw,6.617642013231913
2022-03-12T10:00:00+01:00 Warsaw,4.58180958884103
2022-03-12T11:00:00+01:00 Warsaw,4.79146331694068
2022-03-12T12:00:00+01:00 Warsaw,5.514715473826339
2022-03-12T13:00:00+01:00 Warsaw,6.660632610321045
2022-03-12T14:00:00+01:00 Warsaw,7.550085642398932
2022-03-12T15:00:00+01:00 Warsaw,8.495465766299855
2022-03-12T16:00:00+01:00 Warsaw,7.95786396062599
2022-03-12T17:00:00+01:00 Warsaw,4.985555497805278
2022-03-12T18:00:00+01:00 Warsaw,2.0175557414690655
2022-03-12T19:00:00+01:00 Warsaw,0.6500000009934107
2022-03-12T20:00:00+01:00 Warsaw,-0.2459350002293543
2022-03-12T21:00:00+01:00 Warsaw,-1.3932121057402005
2022-03-12T22:00:00+01:00 Warsaw,-2.510888682471381
2022-03-12T23:00:00+01:00 Warsaw,-3.1420001089572906
2022-03-13T00:00:00+01:00 Warsaw,-3.7114818184464067
2022-03-13T01:00:00+01:00 Warsaw,-4.149999985328088
2022-03-13T02:00:00+01:00 Warsaw,-4.501999998092652
2022-03-13T03:00:00+01:00 Warsaw,-4.757998615503311
2022-03-13T04:00:00+01:00 Warsaw,-4.085999943489252
2022-03-13T05:00:00+01:00 Warsaw,-2.935031506323045
2022-03-13T06:00:00+01:00 Warsaw,-2.9202859827450345
2022-03-13T07:00:00+01:00 Warsaw,-1.256755525417005
2022-03-13T08:00:00+01:00 Warsaw,5.577348866810401
2022-03-13T09:00:00+01:00 Warsaw,8.829787854795102
2022-03-13T10:00:00+01:00 Warsaw,7.595231785493739
2022-03-13T11:00:00+01:00 Warsaw,8.203377290205522
2022-03-13T12:00:00+01:00 Warsaw,9.082064110299815
2022-03-13T13:00:00+01:00 Warsaw,9.901866245269776
2022-03-13T14:00:00+01:00 Warsaw,10.275803607443105
2022-03-13T15:00:00+01:00 Warsaw,10.30359445299421
2022-03-13T16:00:00+01:00 Warsaw,9.234773323752663
2022-03-13T17:00:00+01:00 Warsaw,7.287423634933213
2022-03-13T18:00:00+01:00 Warsaw,5.500864081912571
2022-03-13T19:00:00+01:00 Warsaw,4.250833295285702
2022-03-13T20:00:00+01:00 Warsaw,3.196666697238354
2022-03-13T21:00:00+01:00 Warsaw,2.1520952803747995
2022-03-13T22:00:00+01:00 Warsaw,1.263333285227418
2022-03-13T23:00:00+01:00 Warsaw,0.5604762445603099
2022-03-14T00:00:00+01:00 Warsaw,-0.1289246797621731
2022-03-14T01:00:00+01:00 Warsaw,-0.5366666664679846
2022-03-14T02:00:00+01:00 Warsaw,-0.8398654043674469
2022-03-14T03:00:00+01:00 Warsaw,-1.028933596611023
2022-03-14T04:00:00+01:00 Warsaw,-1.304560556411743
2022-03-14T05:00:00+01:00 Warsaw,-1.6665221711863643
2022-03-14T06:00:00+01:00 Warsaw,-1.4826452270630868
2022-03-14T07:00:00+01:00 Warsaw,-0.4740889753939377
2022-03-14T08:00:00+01:00 Warsaw,4.456584422041972
2022-03-14T09:00:00+01:00 Warsaw,7.180845235075269
2022-03-14T10:00:00+01:00 Warsaw,6.160175398776405
2022-03-14T11:00:00+01:00 Warsaw,7.413552194271448
2022-03-14T12:00:00+01:00 Warsaw,8.710542106628418
2022-03-14T13:00:00+01:00 Warsaw,9.816533435474742
2022-03-14T14:00:00+01:00 Warsaw,10.698999911546707
2022-03-14T15:00:00+01:00 Warsaw,10.902132540941238
2022-03-14T16:00:00+01:00 Warsaw,10.33642652684992
2022-03-14T17:00:00+01:00 Warsaw,8.765439796447755
2022-03-14T18:00:00+01:00 Warsaw,7.5457555491749835
2022-03-14T19:00:00+01:00 Warsaw,6.670166982544793
2022-03-14T20:00:00+01:00 Warsaw,5.735853765068985
2022-03-14T21:00:00+01:00 Warsaw,5.064814766248067
2022-03-14T22:00:00+01:00 Warsaw,4.174651168113531
2022-03-14T23:00:00+01:00 Warsaw,3.3936556616137104
2022-03-15T00:00:00+01:00 Warsaw,2.7619190721800835
2022-03-15T01:00:00+01:00 Warsaw,2.0850477150508335
2022-03-15T02:00:00+01:00 Warsaw,1.198985649191815
2022-03-15T03:00:00+01:00 Warsaw,0.07666662141580034
2022-03-15T04:00:00+01:00 Warsaw,-0.7453846129087301
2022-03-15T05:00:00+01:00 Warsaw,-1.1298098110017323
2022-03-15T06:00:00+01:00 Warsaw,-0.4365116285679992
2022-03-15T07:00:00+01:00 Warsaw,2.336222099761168
2022-03-15T08:00:00+01:00 Warsaw,8.909046490987143
2022-03-15T09:00:00+01:00 Warsaw,10.735422790050507
2022-03-15T10:00:00+01:00 Warsaw,10.271047626222883
2022-03-15T11:00:00+01:00 Warsaw,10.914218673706054
2022-03-15T12:00:00+01:00 Warsaw,11.44940982546125
2022-03-15T13:00:00+01:00 Warsaw,12.133731430652094
2022-03-15T14:00:00+01:00 Warsaw,12.58113701489507
2022-03-15T15:00:00+01:00 Warsaw,11.805273453394571
2022-03-15T16:00:00+01:00 Warsaw,10.88493625790465
2022-03-15T17:00:00+01:00 Warsaw,9.643733352422714
2022-03-15T18:00:00+01:00 Warsaw,8.963199762197641
2022-03-15T19:00:00+01:00 Warsaw,7.973845224380494
2022-03-15T20:00:00+01:00 Warsaw,6.1256204540446655
2022-03-15T21:00:00+01:00 Warsaw,4.42841264747438
2022-03-15T22:00:00+01:00 Warsaw,3.6385712055932906
2022-03-15T23:00:00+01:00 Warsaw,3.485555569330851
2022-03-16T00:00:00+01:00 Warsaw,3.685151620344682
2022-03-16T01:00:00+01:00 Warsaw,3.878717908492455
2022-03-16T02:00:00+01:00 Warsaw,3.758444658915202
2022-03-16T03:00:00+01:00 Warsaw,3.736666902899742
2022-03-16T04:00:00+01:00 Warsaw,4.01799978017807
2022-03-16T05:00:00+01:00 Warsaw,3.8633333643277488
2022-03-16T06:00:00+01:00 Warsaw,3.7905132403740516
2022-03-16T07:00:00+01:00 Warsaw,4.463333314115351
2022-03-16T08:00:00+01:00 Warsaw,6.171137963022504
2022-03-16T09:00:00+01:00 Warsaw,8.349907297354479
2022-03-16T10:00:00+01:00 Warsaw,9.759536204130754
2022-03-16T11:00:00+01:00 Warsaw,11.79888806100619
2022-03-16T12:00:00+01:00 Warsaw,13.408828126059639
2022-03-16T13:00:00+01:00 Warsaw,13.561599319631403
2022-03-16T14:00:00+01:00 Warsaw,14.037730327872342
2022-03-16T15:00:00+01:00 Warsaw,13.628286079124168
2022-03-16T16:00:00+01:00 Warsaw,12.007217677434285
2022-03-16T17:00:00+01:00 Warsaw,9.737401105589786
2022-03-16T18:00:00+01:00 Warsaw,8.550400863994252
2022-03-16T19:00:00+01:00 Warsaw,8.139257854885525
2022-03-16T20:00:00+01:00 Warsaw,7.649067068099976
2022-03-16T21:00:00+01:00 Warsaw,6.747004143735196
2022-03-16T22:00:00+01:00 Warsaw,5.737272724960789
2022-03-16T23:00:00+01:00 Warsaw,4.903926012251112
2022-03-17T00:00:00+01:00 Warsaw,4.288954234590717
2022-03-17T01:00:00+01:00 Warsaw,4.129999816417694
2022-03-17T02:00:00+01:00 Warsaw,3.5077778859571977
2022-03-17T03:00:00+01:00 Warsaw,1.9798765690238387
2022-03-17T04:00:00+01:00 Warsaw,0.9550980837906108
2022-03-17T05:00:00+01:00 Warsaw,0.3058558119511282
2022-03-17T06:00:00+01:00 Warsaw,0.6386178081355444
2022-03-17T07:00:00+01:00 Warsaw,2.28333340883255
2022-03-17T08:00:00+01:00 Warsaw,8.206689151666932
2022-03-17T09:00:00+01:00 Warsaw,10.02284156865087
2022-03-17T10:00:00+01:00 Warsaw,8.35641876856486
2022-03-17T11:00:00+01:00 Warsaw,8.877978927210757
2022-03-17T12:00:00+01:00 Warsaw,9.52959977496754
2022-03-17T13:00:00+01:00 Warsaw,10.75794032975739
2022-03-17T14:00:00+01:00 Warsaw,10.473189170543964
2022-03-17T15:00:00+01:00 Warsaw,10.178438439661143
2022-03-17T16:00:00+01:00 Warsaw,8.918781229427882
2022-03-17T17:00:00+01:00 Warsaw,7.354294237100853
2022-03-17T18:00:00+01:00 Warsaw,6.185757604512301
2022-03-17T19:00:00+01:00 Warsaw,5.214000129699707
2022-03-17T20:00:00+01:00 Warsaw,4.443513522277007
2022-03-17T21:00:00+01:00 Warsaw,3.379929157013589
2022-03-17T22:00:00+01:00 Warsaw,2.778380986622402
2022-03-17T23:00:00+01:00 Warsaw,1.983333322736952
2022-03-18T00:00:00+01:00 Warsaw,1.157126550016732
2022-03-18T01:00:00+01:00 Warsaw,0.43385960438631865
2022-03-18T02:00:00+01:00 Warsaw,-0.06413359351456166
2022-03-18T03:00:00+01:00 Warsaw,-0.3658024083684992
2022-03-18T04:00:00+01:00 Warsaw,-1.0493337710698445
2022-03-18T05:00:00+01:00 Warsaw,-1.5755487603525962
2022-03-18T06:00:00+01:00 Warsaw,-1.2447811041559491
2022-03-18T07:00:00+01:00 Warsaw,0.16461982569869674
2022-03-18T08:00:00+01:00 Warsaw,7.321278931730885
2022-03-18T09:00:00+01:00 Warsaw,8.40542747234476
2022-03-18T10:00:00+01:00 Warsaw,6.0152174908181895
2022-03-18T11:00:00+01:00 Warsaw,6.510350930063348
2022-03-18T12:00:00+01:00 Warsaw,7.062457128004595
2022-03-18T13:00:00+01:00 Warsaw,7.765226972103119
2022-03-18T14:00:00+01:00 Warsaw,8.412490444798623
2022-03-18T15:00:00+01:00 Warsaw,8.540800793965657
2022-03-18T16:00:00+01:00 Warsaw,7.770470463499731
2022-03-18T17:00:00+01:00 Warsaw,6.320370763035144
2022-03-18T18:00:00+01:00 Warsaw,4.592690116480777
2022-03-18T19:00:00+01:00 Warsaw,2.063559404874252
2022-03-18T20:00:00+01:00 Warsaw,0.231333300229162
2022-03-18T21:00:00+01:00 Warsaw,-0.9046666125456492
2022-03-18T22:00:00+01:00 Warsaw,-1.8482857644557953
2022-03-18T23:00:00+01:00 Warsaw,-2.5046671330928802
2022-03-19T00:00:00+01:00 Warsaw,-3.038889447848002
2022-03-19T01:00:00+01:00 Warsaw,-3.5393335123856864
2022-03-19T02:00:00+01:00 Warsaw,-3.8744444052378335
2022-03-19T03:00:00+01:00 Warsaw,-4.265200185775757
2022-03-19T04:00:00+01:00 Warsaw,-4.713998407125473
2022-03-19T05:00:00+01:00 Warsaw,-4.973110808266534
2022-03-19T06:00:00+01:00 Warsaw,-4.089076748261085
2022-03-19T07:00:00+01:00 Warsaw,-1.365733312877516
2022-03-19T08:00:00+01:00 Warsaw,9.13035696643894
2022-03-19T09:00:00+01:00 Warsaw,10.466095974570827
2022-03-19T10:00:00+01:00 Warsaw,8.18784744675095
2022-03-19T11:00:00+01:00 Warsaw,8.39478513929579
2022-03-19T12:00:00+01:00 Warsaw,8.92017752783639
2022-03-19T13:00:00+01:00 Warsaw,9.351302953866812
2022-03-19T14:00:00+01:00 Warsaw,9.658401221036911
2022-03-19T15:00:00+01:00 Warsaw,9.663590211134691
2022-03-19T16:00:00+01:00 Warsaw,8.970587112285473
2022-03-19T17:00:00+01:00 Warsaw,7.415546976286789
2022-03-19T18:00:00+01:00 Warsaw,5.992518541547987
2022-03-19T19:00:00+01:00 Warsaw,4.078070096802294
2022-03-19T20:00:00+01:00 Warsaw,1.851830192640716
2022-03-19T21:00:00+01:00 Warsaw,0.5116993145578924
2022-03-19T22:00:00+01:00 Warsaw,-0.4290805196967618
2022-03-19T23:00:00+01:00 Warsaw,-0.39425531600384
2022-03-20T00:00:00+01:00 Warsaw,-1.2670477224247796
2022-03-20T01:00:00+01:00 Warsaw,-2.3357494870821633
2022-03-20T02:00:00+01:00 Warsaw,-2.2473716599600655
2022-03-20T03:00:00+01:00 Warsaw,-2.178631776257565
2022-03-20T04:00:00+01:00 Warsaw,-2.6116003453731538
2022-03-20T05:00:00+01:00 Warsaw,-2.7354115808711335
2022-03-20T06:00:00+01:00 Warsaw,-2.568909127603878
2022-03-20T07:00:00+01:00 Warsaw,0.615244217030704
2022-03-20T08:00:00+01:00 Warsaw,9.581708653767903
2022-03-20T09:00:00+01:00 Warsaw,11.38602650382302
2022-03-20T10:00:00+01:00 Warsaw,9.038292121887206
2022-03-20T11:00:00+01:00 Warsaw,9.444957761203542
2022-03-20T12:00:00+01:00 Warsaw,9.941388908185457
2022-03-20T13:00:00+01:00 Warsaw,10.681294781821114
2022-03-20T14:00:00+01:00 Warsaw,11.293441036769321
2022-03-20T15:00:00+01:00 Warsaw,11.547182144657258
2022-03-20T16:00:00+01:00 Warsaw,10.82630380671075
2022-03-20T17:00:00+01:00 Warsaw,9.39216280791719
2022-03-20T18:00:00+01:00 Warsaw,7.750137831035413
2022-03-20T19:00:00+01:00 Warsaw,6.3104918499787646
2022-03-20T20:00:00+01:00 Warsaw,4.2176836547205
2022-03-20T21:00:00+01:00 Warsaw,1.9614124520350311
2022-03-20T22:00:00+01:00 Warsaw,0.5300000000952019
2022-03-20T23:00:00+01:00 Warsaw,-0.4699999995529652
2022-03-21T00:00:00+01:00 Warsaw,-1.1761337852478027
2022-03-21T01:00:00+01:00 Warsaw,-1.765999886724684
2022-03-21T02:00:00+01:00 Warsaw,-2.219818017699502
2022-03-21T03:00:00+01:00 Warsaw,-2.6042616263679834
2022-03-21T04:00:00+01:00 Warsaw,-2.957385393289419
2022-03-21T05:00:00+01:00 Warsaw,-3.1458096504211426
2022-03-21T06:00:00+01:00 Warsaw,-1.7143975234868234
2022-03-21T07:00:00+01:00 Warsaw,1.503333167374755
2022-03-21T08:00:00+01:00 Warsaw,12.35731337070465
2022-03-21T09:00:00+01:00 Warsaw,15.17136838143332
2022-03-21T10:00:00+01:00 Warsaw,12.142934143543243
2022-03-21T11:00:00+01:00 Warsaw,12.219652762779823
2022-03-21T12:00:00+01:00 Warsaw,12.77653321352872
2022-03-21T13:00:00+01:00 Warsaw,13.621333391238482
2022-03-21T14:00:00+01:00 Warsaw,14.37519958615303
2022-03-21T15:00:00+01:00 Warsaw,14.847603709198708
2022-03-21T16:00:00+01:00 Warsaw,14.228424019283718
2022-03-21T17:00:00+01:00 Warsaw,11.920000092188518
2022-03-21T18:00:00+01:00 Warsaw,8.637617754936219
2022-03-21T19:00:00+01:00 Warsaw,6.764420119198886
2022-03-21T20:00:00+01:00 Warsaw,4.624871836258815
2022-03-21T21:00:00+01:00 Warsaw,3.423333299787421
2022-03-21T22:00:00+01:00 Warsaw,2.5788888136545816
2022-03-21T23:00:00+01:00 Warsaw,2.280476246561323
2022-03-22T00:00:00+01:00 Warsaw,1.586744180945463
2022-03-22T01:00:00+01:00 Warsaw,0.5719047154699053
2022-03-22T02:00:00+01:00 Warsaw,-0.09509808876935173
2022-03-22T03:00:00+01:00 Warsaw,-0.6666668690741062
2022-03-22T04:00:00+01:00 Warsaw,-0.9851746161778768
2022-03-22T05:00:00+01:00 Warsaw,-1.2326655834913254
2022-03-22T06:00:00+01:00 Warsaw,-0.3912818326184956
2022-03-22T07:00:00+01:00 Warsaw,2.996666598320007
2022-03-22T08:00:00+01:00 Warsaw,14.873829808728448
2022-03-22T09:00:00+01:00 Warsaw,16.640561655948037
2022-03-22T10:00:00+01:00 Warsaw,14.954119755671574
2022-03-22T11:00:00+01:00 Warsaw,14.940881949204664
2022-03-22T12:00:00+01:00 Warsaw,15.305065904344831
2022-03-22T13:00:00+01:00 Warsaw,15.995936779748826
2022-03-22T14:00:00+01:00 Warsaw,16.926699196420063
2022-03-22T15:00:00+01:00 Warsaw,17.60051933494774
2022-03-22T16:00:00+01:00 Warsaw,17.05177692491181
2022-03-22T17:00:00+01:00 Warsaw,14.572515455881755
2022-03-22T18:00:00+01:00 Warsaw,10.80728890101115
2022-03-22T19:00:00+01:00 Warsaw,8.128542293936519
2022-03-22T20:00:00+01:00 Warsaw,6.542363611134616
2022-03-22T21:00:00+01:00 Warsaw,5.298888808205014
2022-03-22T22:00:00+01:00 Warsaw,4.303333297371864
2022-03-22T23:00:00+01:00 Warsaw,3.6728571483067105
2022-03-23T00:00:00+01:00 Warsaw,3.8089334201812743
2022-03-23T01:00:00+01:00 Warsaw,3.1588888516028724
2022-03-23T02:00:00+01:00 Warsaw,2.2286667466163634
2022-03-23T03:00:00+01:00 Warsaw,1.6233333313103877
2022-03-23T04:00:00+01:00 Warsaw,0.9917544753927934
2022-03-23T05:00:00+01:00 Warsaw,0.8011112411816915
2022-03-23T06:00:00+01:00 Warsaw,1.377131629821866
2022-03-23T07:00:00+01:00 Warsaw,4.67299915614881
2022-03-23T08:00:00+01:00 Warsaw,15.872898235655667
2022-03-23T09:00:00+01:00 Warsaw,18.71643204524599
2022-03-23T10:00:00+01:00 Warsaw,16.27413307536732
2022-03-23T11:00:00+01:00 Warsaw,17.17677287666165
2022-03-23T12:00:00+01:00 Warsaw,18.08966277627384
2022-03-23T13:00:00+01:00 Warsaw,18.814506085713706
2022-03-23T14:00:00+01:00 Warsaw,19.3400587828263
2022-03-23T15:00:00+01:00 Warsaw,19.729777133826055
2022-03-23T16:00:00+01:00 Warsaw,18.666247708456858
2022-03-23T17:00:00+01:00 Warsaw,15.829222991548736
2022-03-23T18:00:00+01:00 Warsaw,12.521558633217445
2022-03-23T19:00:00+01:00 Warsaw,10.941733797391256
2022-03-23T20:00:00+01:00 Warsaw,9.678933216975285
2022-03-23T21:00:00+01:00 Warsaw,8.392533172260631
2022-03-23T22:00:00+01:00 Warsaw,7.090036487579345
2022-03-23T23:00:00+01:00 Warsaw,5.836666641813336
2022-03-24T00:00:00+01:00 Warsaw,4.734625835807956
2022-03-24T01:00:00+01:00 Warsaw,3.2538095882960727
2022-03-24T02:00:00+01:00 Warsaw,1.8350665974617004
2022-03-24T03:00:00+01:00 Warsaw,0.530000000617447
2022-03-24T04:00:00+01:00 Warsaw,-0.5318181817278718
2022-03-24T05:00:00+01:00 Warsaw,-1.095067063967387
2022-03-24T06:00:00+01:00 Warsaw,-0.39758976760248727
2022-03-24T07:00:00+01:00 Warsaw,1.909110996623834
2022-03-24T08:00:00+01:00 Warsaw,12.179685770455054
2022-03-24T09:00:00+01:00 Warsaw,15.038879232891535
2022-03-24T10:00:00+01:00 Warsaw,11.910874022377861
2022-03-24T11:00:00+01:00 Warsaw,12.19768983667547
2022-03-24T12:00:00+01:00 Warsaw,12.739747382499075
2022-03-24T13:00:00+01:00 Warsaw,13.350086184108958
2022-03-24T14:00:00+01:00 Warsaw,14.122737630208333
2022-03-24T15:00:00+01:00 Warsaw,14.666736049036826
2022-03-24T16:00:00+01:00 Warsaw,13.98069518220191
2022-03-24T17:00:00+01:00 Warsaw,12.221546904246013
2022-03-24T18:00:00+01:00 Warsaw,9.847177182213734
2022-03-24T19:00:00+01:00 Warsaw,8.266852513603542
2022-03-24T20:00:00+01:00 Warsaw,7.3439997881650925
2022-03-24T21:00:00+01:00 Warsaw,6.458888939448765
2022-03-24T22:00:00+01:00 Warsaw,4.945367109977592
2022-03-24T23:00:00+01:00 Warsaw,3.450000011402628
2022-03-25T00:00:00+01:00 Warsaw,2.7323529019075283
2022-03-25T01:00:00+01:00 Warsaw,1.9833333321980067
2022-03-25T02:00:00+01:00 Warsaw,1.023333332935969
2022-03-25T03:00:00+01:00 Warsaw,0.34555562197541195
2022-03-25T04:00:00+01:00 Warsaw,-0.07444433675458034
2022-03-25T05:00:00+01:00 Warsaw,-0.33666694164276123
2022-03-25T06:00:00+01:00 Warsaw,0.46975305709229026
2022-03-25T07:00:00+01:00 Warsaw,3.695286452770233
2022-03-25T08:00:00+01:00 Warsaw,14.871828079223633
2022-03-25T09:00:00+01:00 Warsaw,17.22620463371277
2022-03-25T10:00:00+01:00 Warsaw,14.471654143987918
2022-03-25T11:00:00+01:00 Warsaw,14.777412218206068
2022-03-25T12:00:00+01:00 Warsaw,15.610926267263052
2022-03-25T13:00:00+01:00 Warsaw,16.213930130004883
2022-03-25T14:00:00+01:00 Warsaw,16.717419039818548
2022-03-25T15:00:00+01:00 Warsaw,16.708877109345934
2022-03-25T16:00:00+01:00 Warsaw,15.860226931395355
2022-03-25T17:00:00+01:00 Warsaw,13.732409048080445
2022-03-25T18:00:00+01:00 Warsaw,11.04352011680603
2022-03-25T19:00:00+01:00 Warsaw,9.11373659904967
2022-03-25T20:00:00+01:00 Warsaw,7.968728449286484
2022-03-25T21:00:00+01:00 Warsaw,7.123290174147662
2022-03-25T22:00:00+01:00 Warsaw,7.007457256317139
2022-03-25T23:00:00+01:00 Warsaw,7.226231186478226
2022-03-26T00:00:00+01:00 Warsaw,6.604904338717461
2022-03-26T01:00:00+01:00 Warsaw,5.8944443464279175
2022-03-26T02:00:00+01:00 Warsaw,4.888888865709305
2022-03-26T03:00:00+01:00 Warsaw,4.254444245938902
2022-03-26T04:00:00+01:00 Warsaw,4.802000026702881
2022-03-26T05:00:00+01:00 Warsaw,5.285555422306061
2022-03-26T06:00:00+01:00 Warsaw,6.265491644541423
2022-03-26T07:00:00+01:00 Warsaw,8.570133248964945
2022-03-26T08:00:00+01:00 Warsaw,14.382209858651889
2022-03-26T09:00:00+01:00 Warsaw,15.969193296917414
2022-03-26T10:00:00+01:00 Warsaw,13.75937250548718
2022-03-26T11:00:00+01:00 Warsaw,11.985656494789936
2022-03-26T12:00:00+01:00 Warsaw,11.62875239054362
2022-03-26T13:00:00+01:00 Warsaw,11.482514313289098
2022-03-26T14:00:00+01:00 Warsaw,11.67738422270744
2022-03-26T15:00:00+01:00 Warsaw,11.785955400177926
2022-03-26T16:00:00+01:00 Warsaw,11.110400365746539
2022-03-26T17:00:00+01:00 Warsaw,9.90604284254171
2022-03-26T18:00:00+01:00 Warsaw,8.291413541273638
2022-03-26T19:00:00+01:00 Warsaw,6.698742439006937
2022-03-26T20:00:00+01:00 Warsaw,5.001264391274288
2022-03-26T21:00:00+01:00 Warsaw,3.3872120987285266
2022-03-26T22:00:00+01:00 Warsaw,2.0233333269755045
2022-03-26T23:00:00+01:00 Warsaw,1.0957142880984716
2022-03-27T00:00:00+01:00 Warsaw,0.409999997849809
2022-03-27T01:00:00+01:00 Warsaw,-0.30399999968707564
2022-03-27T03:00:00+02:00 Warsaw,-0.737555538614591
2022-03-27T04:00:00+02:00 Warsaw,-1.3499999965230625
2022-03-27T05:00:00+02:00 Warsaw,-2.0578101703098843
2022-03-27T06:00:00+02:00 Warsaw,-1.9277777671813965
2022-03-27T07:00:00+02:00 Warsaw,-0.43845181664357247
2022-03-27T08:00:00+02:00 Warsaw,2.8145953754583997
2022-03-27T09:00:00+02:00 Warsaw,11.829912056357173
2022-03-27T10:00:00+02:00 Warsaw,12.18543905582068
2022-03-27T11:00:00+02:00 Warsaw,9.159606104311736
2022-03-27T12:00:00+02:00 Warsaw,8.84764460361365
2022-03-27T13:00:00+02:00 Warsaw,9.240888690948486
2022-03-27T14:00:00+02:00 Warsaw,10.030933470953078
2022-03-27T15:00:00+02:00 Warsaw,11.316606643352102
2022-03-27T16:00:00+02:00 Warsaw,11.185589401089416
2022-03-27T17:00:00+02:00 Warsaw,9.816191205438578
2022-03-27T18:00:00+02:00 Warsaw,8.164524185246435
2022-03-27T19:00:00+02:00 Warsaw,6.306142388728627
2022-03-27T20:00:00+02:00 Warsaw,4.712641437098665
2022-03-27T21:00:00+02:00 Warsaw,5.609999857450786
2022-03-27T22:00:00+02:00 Warsaw,6.276666680971782
2022-03-27T23:00:00+02:00 Warsaw,5.632028901058694
2022-03-28T00:00:00+02:00 Warsaw,4.89000003678458
2022-03-28T01:00:00+02:00 Warsaw,4.630000015099843
2022-03-28T02:00:00+02:00 Warsaw,4.679495002284194
2022-03-28T03:00:00+02:00 Warsaw,5.633838176727295
2022-03-28T04:00:00+02:00 Warsaw,5.723563276488205
2022-03-28T05:00:00+02:00 Warsaw,4.863333300540321
2022-03-28T06:00:00+02:00 Warsaw,4.247333393096924
2022-03-28T07:00:00+02:00 Warsaw,5.283333216394697
2022-03-28T08:00:00+02:00 Warsaw,7.8492198785146075
2022-03-28T09:00:00+02:00 Warsaw,15.153825792215638
2022-03-28T10:00:00+02:00 Warsaw,15.491839825023304
2022-03-28T11:00:00+02:00 Warsaw,14.056640243530273
2022-03-28T12:00:00+02:00 Warsaw,15.179989643096924
2022-03-28T13:00:00+02:00 Warsaw,16.677457099737122
2022-03-28T14:00:00+02:00 Warsaw,17.724549125222598
2022-03-28T15:00:00+02:00 Warsaw,18.426525370279947
2022-03-28T16:00:00+02:00 Warsaw,18.50128273736863
2022-03-28T17:00:00+02:00 Warsaw,17.90847010839553
2022-03-28T18:00:00+02:00 Warsaw,16.61417133467538
2022-03-28T19:00:00+02:00 Warsaw,15.015253483165393
2022-03-28T20:00:00+02:00 Warsaw,13.809066484140795
2022-03-28T21:00:00+02:00 Warsaw,13.004726903191928
2022-03-28T22:00:00+02:00 Warsaw,12.468858506944445
2022-03-28T23:00:00+02:00 Warsaw,11.34665772066278
2022-03-29T00:00:00+02:00 Warsaw,9.476378942790785
2022-03-29T01:00:00+02:00 Warsaw,8.001501295301649
2022-03-29T02:00:00+02:00 Warsaw,7.015814827334497
2022-03-29T03:00:00+02:00 Warsaw,6.4703176362173895
2022-03-29T04:00:00+02:00 Warsaw,6.009999990463257
2022-03-29T05:00:00+02:00 Warsaw,5.60999996321542
2022-03-29T06:00:00+02:00 Warsaw,5.344545971263539
2022-03-29T07:00:00+02:00 Warsaw,5.588181799108332
2022-03-29T08:00:00+02:00 Warsaw,6.0499999761581424
2022-03-29T09:00:00+02:00 Warsaw,6.932654909465624
2022-03-29T10:00:00+02:00 Warsaw,7.896701787647448
2022-03-29T11:00:00+02:00 Warsaw,9.15844289779663
2022-03-29T12:00:00+02:00 Warsaw,10.047630896935097
2022-03-29T13:00:00+02:00 Warsaw,9.591999942606146
2022-03-29T14:00:00+02:00 Warsaw,9.167136351267496
2022-03-29T15:00:00+02:00 Warsaw,8.664568101206134
2022-03-29T16:00:00+02:00 Warsaw,8.244532465934753
2022-03-29T17:00:00+02:00 Warsaw,8.05749695641654
2022-03-29T18:00:00+02:00 Warsaw,7.316823688207888
2022-03-29T19:00:00+02:00 Warsaw,5.89047623532159
2022-03-29T20:00:00+02:00 Warsaw,4.489365146273658
2022-03-29T21:00:00+02:00 Warsaw,3.6207525960860716
2022-03-29T22:00:00+02:00 Warsaw,2.876666710294526
2022-03-29T23:00:00+02:00 Warsaw,2.3065078599112376
2022-03-30T00:00:00+02:00 Warsaw,1.971403680349651
2022-03-30T01:00:00+02:00 Warsaw,1.9166666507720946
2022-03-30T02:00:00+02:00 Warsaw,1.5909524985722132
2022-03-30T03:00:00+02:00 Warsaw,1.2914814860732466
2022-03-30T04:00:00+02:00 Warsaw,0.9700000037749609
2022-03-30T05:00:00+02:00 Warsaw,0.6366665786818454
2022-03-30T06:00:00+02:00 Warsaw,0.6818841294102047
2022-03-30T07:00:00+02:00 Warsaw,2.0816383917452925
2022-03-30T08:00:00+02:00 Warsaw,4.733808994293213
2022-03-30T09:00:00+02:00 Warsaw,13.606616973876953
2022-03-30T10:00:00+02:00 Warsaw,14.33770677393133
2022-03-30T11:00:00+02:00 Warsaw,11.246889347932777
2022-03-30T12:00:00+02:00 Warsaw,10.752044479052225
2022-03-30T13:00:00+02:00 Warsaw,10.929022034009298
2022-03-30T14:00:00+02:00 Warsaw,11.02453351020813
2022-03-30T15:00:00+02:00 Warsaw,10.501001417636871
2022-03-30T16:00:00+02:00 Warsaw,10.489267319440842
2022-03-30T17:00:00+02:00 Warsaw,9.772800001987191
2022-03-30T18:00:00+02:00 Warsaw,8.507658456501208
2022-03-30T19:00:00+02:00 Warsaw,6.739168418537487
2022-03-30T20:00:00+02:00 Warsaw,5.194727178053422
2022-03-30T21:00:00+02:00 Warsaw,3.9433332988194056
2022-03-30T22:00:00+02:00 Warsaw,3.0766666650772097
2022-03-30T23:00:00+02:00 Warsaw,2.369999989219334
2022-03-31T00:00:00+02:00 Warsaw,1.503333331573577
2022-03-31T01:00:00+02:00 Warsaw,0.6766667470335961
2022-03-31T02:00:00+02:00 Warsaw,0.2766665056347847
2022-03-31T03:00:00+02:00 Warsaw,0.07666699141263962
2022-03-31T04:00:00+02:00 Warsaw,-0.0625927746295929
2022-03-31T05:00:00+02:00 Warsaw,-0.15000000596046448
2022-03-31T06:00:00+02:00 Warsaw,-0.20333313196897507
2022-03-31T07:00:00+02:00 Warsaw,0.21320000004023312
2022-03-31T08:00:00+02:00 Warsaw,1.402679703983606
2022-03-31T09:00:00+02:00 Warsaw,3.5980341189946885
2022-03-31T10:00:00+02:00 Warsaw,4.407333342234294
2022-03-31T11:00:00+02:00 Warsaw,5.361627933590911
2022-03-31T12:00:00+02:00 Warsaw,6.178129998649039
2022-03-31T13:00:00+02:00 Warsaw,6.841273723764623
2022-03-31T14:00:00+02:00 Warsaw,7.801027449165902
2022-03-31T15:00:00+02:00 Warsaw,8.072678697520288
2022-03-31T16:00:00+02:00 Warsaw,8.047266244888306
2022-03-31T17:00:00+02:00 Warsaw,7.17510898546739
2022-03-31T18:00:00+02:00 Warsaw,6.12999999217498
2022-03-31T19:00:00+02:00 Warsaw,5.3833332342260025
2022-03-31T20:00:00+02:00 Warsaw,4.85000000829282
2022-03-31T21:00:00+02:00 Warsaw,4.316666771383846
2022-03-31T22:00:00+02:00 Warsaw,3.8966665863990784
2022-03-31T23:00:00+02:00 Warsaw,3.530000022479466

